--
-- PostgreSQL database dump
--

-- Dumped from database version 12.16 (Ubuntu 12.16-0ubuntu0.20.04.1)
-- Dumped by pg_dump version 12.16 (Ubuntu 12.16-0ubuntu0.20.04.1)

SET statement_timeout = 0;
SET lock_timeout = 0;
SET idle_in_transaction_session_timeout = 0;
SET client_encoding = 'UTF8';
SET standard_conforming_strings = on;
SELECT pg_catalog.set_config('search_path', '', false);
SET check_function_bodies = false;
SET xmloption = content;
SET client_min_messages = warning;
SET row_security = off;

SET default_tablespace = '';

SET default_table_access_method = heap;

--
-- Name: auth_group; Type: TABLE; Schema: public; Owner: user_contribution
--

CREATE TABLE public.auth_group (
    id integer NOT NULL,
    name character varying(150) NOT NULL
);


ALTER TABLE public.auth_group OWNER TO user_contribution;

--
-- Name: auth_group_id_seq; Type: SEQUENCE; Schema: public; Owner: user_contribution
--

ALTER TABLE public.auth_group ALTER COLUMN id ADD GENERATED BY DEFAULT AS IDENTITY (
    SEQUENCE NAME public.auth_group_id_seq
    START WITH 1
    INCREMENT BY 1
    NO MINVALUE
    NO MAXVALUE
    CACHE 1
);


--
-- Name: auth_group_permissions; Type: TABLE; Schema: public; Owner: user_contribution
--

CREATE TABLE public.auth_group_permissions (
    id bigint NOT NULL,
    group_id integer NOT NULL,
    permission_id integer NOT NULL
);


ALTER TABLE public.auth_group_permissions OWNER TO user_contribution;

--
-- Name: auth_group_permissions_id_seq; Type: SEQUENCE; Schema: public; Owner: user_contribution
--

ALTER TABLE public.auth_group_permissions ALTER COLUMN id ADD GENERATED BY DEFAULT AS IDENTITY (
    SEQUENCE NAME public.auth_group_permissions_id_seq
    START WITH 1
    INCREMENT BY 1
    NO MINVALUE
    NO MAXVALUE
    CACHE 1
);


--
-- Name: auth_permission; Type: TABLE; Schema: public; Owner: user_contribution
--

CREATE TABLE public.auth_permission (
    id integer NOT NULL,
    name character varying(255) NOT NULL,
    content_type_id integer NOT NULL,
    codename character varying(100) NOT NULL
);


ALTER TABLE public.auth_permission OWNER TO user_contribution;

--
-- Name: auth_permission_id_seq; Type: SEQUENCE; Schema: public; Owner: user_contribution
--

ALTER TABLE public.auth_permission ALTER COLUMN id ADD GENERATED BY DEFAULT AS IDENTITY (
    SEQUENCE NAME public.auth_permission_id_seq
    START WITH 1
    INCREMENT BY 1
    NO MINVALUE
    NO MAXVALUE
    CACHE 1
);


--
-- Name: commentaire_tutelle; Type: TABLE; Schema: public; Owner: user_contribution
--

CREATE TABLE public.commentaire_tutelle (
    id bigint NOT NULL,
    commentaire character varying(1000) NOT NULL,
    auteur_id uuid NOT NULL,
    organisation_id character varying(4) NOT NULL,
    date_analyse timestamp with time zone NOT NULL,
    objet character varying(1000) NOT NULL,
    date_val timestamp with time zone,
    statut_id character varying(10),
    validateur character varying(1000)
);


ALTER TABLE public.commentaire_tutelle OWNER TO user_contribution;

--
-- Name: commentaire_tutelle _id_seq; Type: SEQUENCE; Schema: public; Owner: user_contribution
--

ALTER TABLE public.commentaire_tutelle ALTER COLUMN id ADD GENERATED BY DEFAULT AS IDENTITY (
    SEQUENCE NAME public."commentaire_tutelle _id_seq"
    START WITH 1
    INCREMENT BY 1
    NO MINVALUE
    NO MAXVALUE
    CACHE 1
);


--
-- Name: devise; Type: TABLE; Schema: public; Owner: user_contribution
--

CREATE TABLE public.devise (
    code character varying(4) NOT NULL,
    libelle character varying(70) NOT NULL
);


ALTER TABLE public.devise OWNER TO user_contribution;

--
-- Name: django_admin_log; Type: TABLE; Schema: public; Owner: user_contribution
--

CREATE TABLE public.django_admin_log (
    id integer NOT NULL,
    action_time timestamp with time zone NOT NULL,
    object_id text,
    object_repr character varying(200) NOT NULL,
    action_flag smallint NOT NULL,
    change_message text NOT NULL,
    content_type_id integer,
    user_id uuid NOT NULL,
    CONSTRAINT django_admin_log_action_flag_check CHECK ((action_flag >= 0))
);


ALTER TABLE public.django_admin_log OWNER TO user_contribution;

--
-- Name: django_admin_log_id_seq; Type: SEQUENCE; Schema: public; Owner: user_contribution
--

ALTER TABLE public.django_admin_log ALTER COLUMN id ADD GENERATED BY DEFAULT AS IDENTITY (
    SEQUENCE NAME public.django_admin_log_id_seq
    START WITH 1
    INCREMENT BY 1
    NO MINVALUE
    NO MAXVALUE
    CACHE 1
);


--
-- Name: django_content_type; Type: TABLE; Schema: public; Owner: user_contribution
--

CREATE TABLE public.django_content_type (
    id integer NOT NULL,
    app_label character varying(100) NOT NULL,
    model character varying(100) NOT NULL
);


ALTER TABLE public.django_content_type OWNER TO user_contribution;

--
-- Name: django_content_type_id_seq; Type: SEQUENCE; Schema: public; Owner: user_contribution
--

ALTER TABLE public.django_content_type ALTER COLUMN id ADD GENERATED BY DEFAULT AS IDENTITY (
    SEQUENCE NAME public.django_content_type_id_seq
    START WITH 1
    INCREMENT BY 1
    NO MINVALUE
    NO MAXVALUE
    CACHE 1
);


--
-- Name: django_migrations; Type: TABLE; Schema: public; Owner: user_contribution
--

CREATE TABLE public.django_migrations (
    id bigint NOT NULL,
    app character varying(255) NOT NULL,
    name character varying(255) NOT NULL,
    applied timestamp with time zone NOT NULL
);


ALTER TABLE public.django_migrations OWNER TO user_contribution;

--
-- Name: django_migrations_id_seq; Type: SEQUENCE; Schema: public; Owner: user_contribution
--

ALTER TABLE public.django_migrations ALTER COLUMN id ADD GENERATED BY DEFAULT AS IDENTITY (
    SEQUENCE NAME public.django_migrations_id_seq
    START WITH 1
    INCREMENT BY 1
    NO MINVALUE
    NO MAXVALUE
    CACHE 1
);


--
-- Name: django_session; Type: TABLE; Schema: public; Owner: user_contribution
--

CREATE TABLE public.django_session (
    session_key character varying(40) NOT NULL,
    session_data text NOT NULL,
    expire_date timestamp with time zone NOT NULL
);


ALTER TABLE public.django_session OWNER TO user_contribution;

--
-- Name: dossier; Type: TABLE; Schema: public; Owner: user_contribution
--

CREATE TABLE public.dossier (
    id bigint NOT NULL,
    nom_dossier character varying(50),
    parent_dossier_id bigint
);


ALTER TABLE public.dossier OWNER TO user_contribution;

--
-- Name: dossier_id_seq; Type: SEQUENCE; Schema: public; Owner: user_contribution
--

ALTER TABLE public.dossier ALTER COLUMN id ADD GENERATED BY DEFAULT AS IDENTITY (
    SEQUENCE NAME public.dossier_id_seq
    START WITH 1
    INCREMENT BY 1
    NO MINVALUE
    NO MAXVALUE
    CACHE 1
);


--
-- Name: engagement; Type: TABLE; Schema: public; Owner: user_contribution
--

CREATE TABLE public.engagement (
    id bigint NOT NULL,
    objet character varying(400) NOT NULL,
    montant_engage bigint NOT NULL,
    montant_paye bigint,
    date_engagement timestamp with time zone NOT NULL,
    date_miseajour timestamp with time zone,
    referenceov character varying(20),
    contribution_apaye_id bigint NOT NULL,
    devise_id character varying(4) NOT NULL,
    etat_dossier_id character varying(4) NOT NULL,
    exercice_id character varying(10) NOT NULL,
    organisation_id character varying(4) NOT NULL,
    source_financement_id bigint NOT NULL,
    bordereau_avis character varying(400) NOT NULL,
    bordereau_engagement character varying(400) NOT NULL
);


ALTER TABLE public.engagement OWNER TO user_contribution;

--
-- Name: engagement _id_seq; Type: SEQUENCE; Schema: public; Owner: user_contribution
--

ALTER TABLE public.engagement ALTER COLUMN id ADD GENERATED BY DEFAULT AS IDENTITY (
    SEQUENCE NAME public."engagement _id_seq"
    START WITH 1
    INCREMENT BY 1
    NO MINVALUE
    NO MAXVALUE
    CACHE 1
);


--
-- Name: etat_dossier; Type: TABLE; Schema: public; Owner: user_contribution
--

CREATE TABLE public.etat_dossier (
    code character varying(4) NOT NULL,
    libelle character varying(70) NOT NULL
);


ALTER TABLE public.etat_dossier OWNER TO user_contribution;

--
-- Name: exercice; Type: TABLE; Schema: public; Owner: user_contribution
--

CREATE TABLE public.exercice (
    numero character varying(10) NOT NULL,
    statut_id character varying(10)
);


ALTER TABLE public.exercice OWNER TO user_contribution;

--
-- Name: fichier; Type: TABLE; Schema: public; Owner: user_contribution
--

CREATE TABLE public.fichier (
    id bigint NOT NULL,
    lien character varying(355),
    nom_fichier character varying(200),
    dossier_id bigint
);


ALTER TABLE public.fichier OWNER TO user_contribution;

--
-- Name: fichier_id_seq; Type: SEQUENCE; Schema: public; Owner: user_contribution
--

ALTER TABLE public.fichier ALTER COLUMN id ADD GENERATED BY DEFAULT AS IDENTITY (
    SEQUENCE NAME public.fichier_id_seq
    START WITH 1
    INCREMENT BY 1
    NO MINVALUE
    NO MAXVALUE
    CACHE 1
);


--
-- Name: lettre; Type: TABLE; Schema: public; Owner: user_contribution
--

CREATE TABLE public.lettre (
    id bigint NOT NULL,
    date timestamp with time zone NOT NULL,
    document character varying(100) NOT NULL,
    expediteur_id character varying(4),
    organisation_id character varying(4),
    exercice_id character varying(10)
);


ALTER TABLE public.lettre OWNER TO user_contribution;

--
-- Name: lettre_id_seq; Type: SEQUENCE; Schema: public; Owner: user_contribution
--

ALTER TABLE public.lettre ALTER COLUMN id ADD GENERATED BY DEFAULT AS IDENTITY (
    SEQUENCE NAME public.lettre_id_seq
    START WITH 1
    INCREMENT BY 1
    NO MINVALUE
    NO MAXVALUE
    CACHE 1
);


--
-- Name: ligne_globale; Type: TABLE; Schema: public; Owner: user_contribution
--

CREATE TABLE public.ligne_globale (
    id bigint NOT NULL,
    credit_disponible bigint NOT NULL,
    credit_actuel bigint NOT NULL,
    exercice_id character varying(10) NOT NULL,
    credit_lfi bigint,
    credit_lfr bigint
);


ALTER TABLE public.ligne_globale OWNER TO user_contribution;

--
-- Name: ligne_globale _id_seq; Type: SEQUENCE; Schema: public; Owner: user_contribution
--

ALTER TABLE public.ligne_globale ALTER COLUMN id ADD GENERATED BY DEFAULT AS IDENTITY (
    SEQUENCE NAME public."ligne_globale _id_seq"
    START WITH 1
    INCREMENT BY 1
    NO MINVALUE
    NO MAXVALUE
    CACHE 1
);


--
-- Name: mouchard; Type: TABLE; Schema: public; Owner: user_contribution
--

CREATE TABLE public.mouchard (
    id bigint NOT NULL,
    operation character varying(255) NOT NULL,
    nom_table character varying(255) NOT NULL,
    nom_colonne character varying(255) NOT NULL,
    cle_avant character varying(255) NOT NULL,
    cle_apres character varying(255) NOT NULL,
    "user" character varying(255) NOT NULL,
    valeur_avant character varying(255),
    valeur_apres character varying(255) NOT NULL,
    created_at timestamp with time zone NOT NULL
);


ALTER TABLE public.mouchard OWNER TO user_contribution;

--
-- Name: mouchard_id_seq; Type: SEQUENCE; Schema: public; Owner: user_contribution
--

ALTER TABLE public.mouchard ALTER COLUMN id ADD GENERATED BY DEFAULT AS IDENTITY (
    SEQUENCE NAME public.mouchard_id_seq
    START WITH 1
    INCREMENT BY 1
    NO MINVALUE
    NO MAXVALUE
    CACHE 1
);


--
-- Name: notification; Type: TABLE; Schema: public; Owner: user_contribution
--

CREATE TABLE public.notification (
    id uuid NOT NULL,
    type character varying(255) NOT NULL,
    flag_envoye boolean NOT NULL,
    date_envoi timestamp with time zone,
    data jsonb NOT NULL,
    created_at timestamp with time zone NOT NULL,
    destinateur character varying(255) NOT NULL
);


ALTER TABLE public.notification OWNER TO user_contribution;

--
-- Name: organisation; Type: TABLE; Schema: public; Owner: user_contribution
--

CREATE TABLE public.organisation (
    cd_organisation character varying(4) NOT NULL,
    nom character varying(200) NOT NULL,
    sigle character varying(80) NOT NULL,
    siege character varying(80) NOT NULL,
    date_adhesion timestamp with time zone NOT NULL,
    rib character varying(100) NOT NULL,
    document_adhesion character varying(100) NOT NULL,
    tutelle_id character varying(4) NOT NULL,
    "Devise_id" character varying(4) NOT NULL,
    "Devise_2" character varying(100) NOT NULL
);


ALTER TABLE public.organisation OWNER TO user_contribution;

--
-- Name: periode; Type: TABLE; Schema: public; Owner: user_contribution
--

CREATE TABLE public.periode (
    code character varying(4) NOT NULL,
    libelle character varying(70) NOT NULL
);


ALTER TABLE public.periode OWNER TO user_contribution;

--
-- Name: plan_engagement; Type: TABLE; Schema: public; Owner: user_contribution
--

CREATE TABLE public.plan_engagement (
    id bigint NOT NULL,
    montant bigint NOT NULL,
    exercice_id character varying(10) NOT NULL,
    periode_id character varying(4) NOT NULL
);


ALTER TABLE public.plan_engagement OWNER TO user_contribution;

--
-- Name: plan_engagement _id_seq; Type: SEQUENCE; Schema: public; Owner: user_contribution
--

ALTER TABLE public.plan_engagement ALTER COLUMN id ADD GENERATED BY DEFAULT AS IDENTITY (
    SEQUENCE NAME public."plan_engagement _id_seq"
    START WITH 1
    INCREMENT BY 1
    NO MINVALUE
    NO MAXVALUE
    CACHE 1
);


--
-- Name: proposition_plan; Type: TABLE; Schema: public; Owner: user_contribution
--

CREATE TABLE public.proposition_plan (
    id bigint NOT NULL,
    montant bigint NOT NULL,
    exercice_id character varying(10) NOT NULL,
    organisation_id character varying(4) NOT NULL,
    plan_id bigint NOT NULL
);


ALTER TABLE public.proposition_plan OWNER TO user_contribution;

--
-- Name: proposition_plan _id_seq; Type: SEQUENCE; Schema: public; Owner: user_contribution
--

ALTER TABLE public.proposition_plan ALTER COLUMN id ADD GENERATED BY DEFAULT AS IDENTITY (
    SEQUENCE NAME public."proposition_plan _id_seq"
    START WITH 1
    INCREMENT BY 1
    NO MINVALUE
    NO MAXVALUE
    CACHE 1
);


--
-- Name: service; Type: TABLE; Schema: public; Owner: user_contribution
--

CREATE TABLE public.service (
    code character varying(10) NOT NULL,
    libelle character varying(255) NOT NULL
);


ALTER TABLE public.service OWNER TO user_contribution;

--
-- Name: situation_financiere; Type: TABLE; Schema: public; Owner: user_contribution
--

CREATE TABLE public.situation_financiere (
    id bigint NOT NULL,
    contribution bigint NOT NULL,
    arriere bigint NOT NULL,
    paye bigint NOT NULL,
    reference_lettre character varying(200) NOT NULL,
    devise_id character varying(4) NOT NULL,
    exercice_id character varying(10) NOT NULL,
    organisation_id character varying(4) NOT NULL
);


ALTER TABLE public.situation_financiere OWNER TO user_contribution;

--
-- Name: situation_financiere _id_seq; Type: SEQUENCE; Schema: public; Owner: user_contribution
--

ALTER TABLE public.situation_financiere ALTER COLUMN id ADD GENERATED BY DEFAULT AS IDENTITY (
    SEQUENCE NAME public."situation_financiere _id_seq"
    START WITH 1
    INCREMENT BY 1
    NO MINVALUE
    NO MAXVALUE
    CACHE 1
);


--
-- Name: source_financement; Type: TABLE; Schema: public; Owner: user_contribution
--

CREATE TABLE public.source_financement (
    id bigint NOT NULL,
    libelle character varying(70) NOT NULL,
    code character varying(70) NOT NULL
);


ALTER TABLE public.source_financement OWNER TO user_contribution;

--
-- Name: source_financement_id_seq; Type: SEQUENCE; Schema: public; Owner: user_contribution
--

ALTER TABLE public.source_financement ALTER COLUMN id ADD GENERATED BY DEFAULT AS IDENTITY (
    SEQUENCE NAME public.source_financement_id_seq
    START WITH 1
    INCREMENT BY 1
    NO MINVALUE
    NO MAXVALUE
    CACHE 1
);


--
-- Name: statut; Type: TABLE; Schema: public; Owner: user_contribution
--

CREATE TABLE public.statut (
    code character varying(10) NOT NULL,
    libelle character varying(10) NOT NULL
);


ALTER TABLE public.statut OWNER TO user_contribution;

--
-- Name: taux; Type: TABLE; Schema: public; Owner: user_contribution
--

CREATE TABLE public.taux (
    id bigint NOT NULL,
    taux double precision NOT NULL,
    devise_id character varying(4)
);


ALTER TABLE public.taux OWNER TO user_contribution;

--
-- Name: taux_id_seq; Type: SEQUENCE; Schema: public; Owner: user_contribution
--

ALTER TABLE public.taux ALTER COLUMN id ADD GENERATED BY DEFAULT AS IDENTITY (
    SEQUENCE NAME public.taux_id_seq
    START WITH 1
    INCREMENT BY 1
    NO MINVALUE
    NO MAXVALUE
    CACHE 1
);


--
-- Name: titre; Type: TABLE; Schema: public; Owner: user_contribution
--

CREATE TABLE public.titre (
    code character varying(10) NOT NULL,
    libelle character varying(255) NOT NULL
);


ALTER TABLE public.titre OWNER TO user_contribution;

--
-- Name: tutelle; Type: TABLE; Schema: public; Owner: user_contribution
--

CREATE TABLE public.tutelle (
    cd_tutelle character varying(4) NOT NULL,
    libelle character varying(150) NOT NULL,
    email character varying(100) NOT NULL,
    telephone character varying(70) NOT NULL,
    type_id character varying(4)
);


ALTER TABLE public.tutelle OWNER TO user_contribution;

--
-- Name: type_tutelle; Type: TABLE; Schema: public; Owner: user_contribution
--

CREATE TABLE public.type_tutelle (
    cd_type character varying(4) NOT NULL,
    libelle character varying(70) NOT NULL
);


ALTER TABLE public.type_tutelle OWNER TO user_contribution;

--
-- Name: users; Type: TABLE; Schema: public; Owner: user_contribution
--

CREATE TABLE public.users (
    password character varying(128) NOT NULL,
    last_login timestamp with time zone,
    is_superuser boolean NOT NULL,
    username character varying(150) NOT NULL,
    first_name character varying(150) NOT NULL,
    last_name character varying(150) NOT NULL,
    email character varying(254) NOT NULL,
    is_staff boolean NOT NULL,
    is_active boolean NOT NULL,
    date_joined timestamp with time zone NOT NULL,
    id uuid NOT NULL,
    is_reseted boolean NOT NULL,
    groupe_id integer,
    service_id character varying(4),
    telephone character varying(255),
    titre_id character varying(10)
);


ALTER TABLE public.users OWNER TO user_contribution;

--
-- Name: users_groups; Type: TABLE; Schema: public; Owner: user_contribution
--

CREATE TABLE public.users_groups (
    id bigint NOT NULL,
    users_id uuid NOT NULL,
    group_id integer NOT NULL
);


ALTER TABLE public.users_groups OWNER TO user_contribution;

--
-- Name: users_groups_id_seq; Type: SEQUENCE; Schema: public; Owner: user_contribution
--

ALTER TABLE public.users_groups ALTER COLUMN id ADD GENERATED BY DEFAULT AS IDENTITY (
    SEQUENCE NAME public.users_groups_id_seq
    START WITH 1
    INCREMENT BY 1
    NO MINVALUE
    NO MAXVALUE
    CACHE 1
);


--
-- Name: users_user_permissions; Type: TABLE; Schema: public; Owner: user_contribution
--

CREATE TABLE public.users_user_permissions (
    id bigint NOT NULL,
    users_id uuid NOT NULL,
    permission_id integer NOT NULL
);


ALTER TABLE public.users_user_permissions OWNER TO user_contribution;

--
-- Name: users_user_permissions_id_seq; Type: SEQUENCE; Schema: public; Owner: user_contribution
--

ALTER TABLE public.users_user_permissions ALTER COLUMN id ADD GENERATED BY DEFAULT AS IDENTITY (
    SEQUENCE NAME public.users_user_permissions_id_seq
    START WITH 1
    INCREMENT BY 1
    NO MINVALUE
    NO MAXVALUE
    CACHE 1
);


--
-- Data for Name: auth_group; Type: TABLE DATA; Schema: public; Owner: user_contribution
--

COPY public.auth_group (id, name) FROM stdin;
1	agent
2	daf
3	tutelle
4	dgrm
5	adm
6	chefequipe
\.


--
-- Data for Name: auth_group_permissions; Type: TABLE DATA; Schema: public; Owner: user_contribution
--

COPY public.auth_group_permissions (id, group_id, permission_id) FROM stdin;
\.


--
-- Data for Name: auth_permission; Type: TABLE DATA; Schema: public; Owner: user_contribution
--

COPY public.auth_permission (id, name, content_type_id, codename) FROM stdin;
1	Can add log entry	1	add_logentry
2	Can change log entry	1	change_logentry
3	Can delete log entry	1	delete_logentry
4	Can view log entry	1	view_logentry
5	Can add permission	2	add_permission
6	Can change permission	2	change_permission
7	Can delete permission	2	delete_permission
8	Can view permission	2	view_permission
9	Can add group	3	add_group
10	Can change group	3	change_group
11	Can delete group	3	delete_group
12	Can view group	3	view_group
13	Can add content type	4	add_contenttype
14	Can change content type	4	change_contenttype
15	Can delete content type	4	delete_contenttype
16	Can view content type	4	view_contenttype
17	Can add session	5	add_session
18	Can change session	5	change_session
19	Can delete session	5	delete_session
20	Can view session	5	view_session
21	Can add Mouchard	6	add_mouchard
22	Can change Mouchard	6	change_mouchard
23	Can delete Mouchard	6	delete_mouchard
24	Can view Mouchard	6	view_mouchard
25	Can add notification	7	add_notification
26	Can change notification	7	change_notification
27	Can delete notification	7	delete_notification
28	Can view notification	7	view_notification
29	Can add Service	8	add_service
30	Can change Service	8	change_service
31	Can delete Service	8	delete_service
32	Can view Service	8	view_service
33	Can add utilisateur	9	add_users
34	Can change utilisateur	9	change_users
35	Can delete utilisateur	9	delete_users
36	Can view utilisateur	9	view_users
37	Can add  Comentraire tutelle 	10	add_commentaire_tutelle
38	Can change  Comentraire tutelle 	10	change_commentaire_tutelle
39	Can delete  Comentraire tutelle 	10	delete_commentaire_tutelle
40	Can view  Comentraire tutelle 	10	view_commentaire_tutelle
41	Can add Titre	11	add_titre
42	Can change Titre	11	change_titre
43	Can delete Titre	11	delete_titre
44	Can view Titre	11	view_titre
45	Can add Devise 	12	add_devise
46	Can change Devise 	12	change_devise
47	Can delete Devise 	12	delete_devise
48	Can view Devise 	12	view_devise
49	Can add Etat Dossier	13	add_etatdossier
50	Can change Etat Dossier	13	change_etatdossier
51	Can delete Etat Dossier	13	delete_etatdossier
52	Can view Etat Dossier	13	view_etatdossier
53	Can add Exercice	14	add_exercice
54	Can change Exercice	14	change_exercice
55	Can delete Exercice	14	delete_exercice
56	Can view Exercice	14	view_exercice
57	Can add  Organisation	15	add_organisation
58	Can change  Organisation	15	change_organisation
59	Can delete  Organisation	15	delete_organisation
60	Can view  Organisation	15	view_organisation
61	Can add Statut	16	add_statut
62	Can change Statut	16	change_statut
63	Can delete Statut	16	delete_statut
64	Can view Statut	16	view_statut
65	Can add Type Tutelle 	17	add_typetutelle
66	Can change Type Tutelle 	17	change_typetutelle
67	Can delete Type Tutelle 	17	delete_typetutelle
68	Can view Type Tutelle 	17	view_typetutelle
69	Can add Tutelle 	18	add_tutelle
70	Can change Tutelle 	18	change_tutelle
71	Can delete Tutelle 	18	delete_tutelle
72	Can view Tutelle 	18	view_tutelle
73	Can add taux 	19	add_taux
74	Can change taux 	19	change_taux
75	Can delete taux 	19	delete_taux
76	Can view taux 	19	view_taux
77	Can add  Situation Financiere	20	add_situationfinanciere
78	Can change  Situation Financiere	20	change_situationfinanciere
79	Can delete  Situation Financiere	20	delete_situationfinanciere
80	Can view  Situation Financiere	20	view_situationfinanciere
81	Can add  Situation Financiere	21	add_lignegblobale
82	Can change  Situation Financiere	21	change_lignegblobale
83	Can delete  Situation Financiere	21	delete_lignegblobale
84	Can view  Situation Financiere	21	view_lignegblobale
85	Can add  Engagement	22	add_engagement
86	Can change  Engagement	22	change_engagement
87	Can delete  Engagement	22	delete_engagement
88	Can view  Engagement	22	view_engagement
89	Can add Periode	23	add_periode
90	Can change Periode	23	change_periode
91	Can delete Periode	23	delete_periode
92	Can view Periode	23	view_periode
93	Can add  Plan Engagement	24	add_planengagement
94	Can change  Plan Engagement	24	change_planengagement
95	Can delete  Plan Engagement	24	delete_planengagement
96	Can view  Plan Engagement	24	view_planengagement
97	Can add Source Financement	25	add_sourcefinancement
98	Can change Source Financement	25	change_sourcefinancement
99	Can delete Source Financement	25	delete_sourcefinancement
100	Can view Source Financement	25	view_sourcefinancement
101	Can add  Proposition Plan 	26	add_proposition_plan
102	Can change  Proposition Plan 	26	change_proposition_plan
103	Can delete  Proposition Plan 	26	delete_proposition_plan
104	Can view  Proposition Plan 	26	view_proposition_plan
105	Can add  Dossier	27	add_dossier
106	Can change  Dossier	27	change_dossier
107	Can delete  Dossier	27	delete_dossier
108	Can view  Dossier	27	view_dossier
109	Can add  Fichier	28	add_fichier
110	Can change  Fichier	28	change_fichier
111	Can delete  Fichier	28	delete_fichier
112	Can view  Fichier	28	view_fichier
113	Can add Lettre	29	add_lettre
114	Can change Lettre	29	change_lettre
115	Can delete Lettre	29	delete_lettre
116	Can view Lettre	29	view_lettre
\.


--
-- Data for Name: commentaire_tutelle; Type: TABLE DATA; Schema: public; Owner: user_contribution
--

COPY public.commentaire_tutelle (id, commentaire, auteur_id, organisation_id, date_analyse, objet, date_val, statut_id, validateur) FROM stdin;
\.


--
-- Data for Name: devise; Type: TABLE DATA; Schema: public; Owner: user_contribution
--

COPY public.devise (code, libelle) FROM stdin;
USD	Dollar
EUR	Euro
CFA	Franc CFA
CHF	Franc Suisse
CAD	Dollar Canadien
\.


--
-- Data for Name: django_admin_log; Type: TABLE DATA; Schema: public; Owner: user_contribution
--

COPY public.django_admin_log (id, action_time, object_id, object_repr, action_flag, change_message, content_type_id, user_id) FROM stdin;
\.


--
-- Data for Name: django_content_type; Type: TABLE DATA; Schema: public; Owner: user_contribution
--

COPY public.django_content_type (id, app_label, model) FROM stdin;
1	admin	logentry
2	auth	permission
3	auth	group
4	contenttypes	contenttype
5	sessions	session
6	login	mouchard
7	login	notification
8	login	service
9	login	users
10	login	commentaire_tutelle
11	login	titre
12	gestion	devise
13	gestion	etatdossier
14	gestion	exercice
15	gestion	organisation
16	gestion	statut
17	gestion	typetutelle
18	gestion	tutelle
19	gestion	taux
20	gestion	situationfinanciere
21	gestion	lignegblobale
22	gestion	engagement
23	gestion	periode
24	gestion	planengagement
25	gestion	sourcefinancement
26	gestion	proposition_plan
27	ged	dossier
28	ged	fichier
29	gestion	lettre
\.


--
-- Data for Name: django_migrations; Type: TABLE DATA; Schema: public; Owner: user_contribution
--

COPY public.django_migrations (id, app, name, applied) FROM stdin;
1	contenttypes	0001_initial	2023-09-19 11:17:42.656621+02
2	contenttypes	0002_remove_content_type_name	2023-09-19 11:17:42.663576+02
3	auth	0001_initial	2023-09-19 11:17:42.693227+02
4	auth	0002_alter_permission_name_max_length	2023-09-19 11:17:42.700254+02
5	auth	0003_alter_user_email_max_length	2023-09-19 11:17:42.708427+02
6	auth	0004_alter_user_username_opts	2023-09-19 11:17:42.717625+02
7	auth	0005_alter_user_last_login_null	2023-09-19 11:17:42.724483+02
8	auth	0006_require_contenttypes_0002	2023-09-19 11:17:42.726846+02
9	auth	0007_alter_validators_add_error_messages	2023-09-19 11:17:42.734157+02
10	auth	0008_alter_user_username_max_length	2023-09-19 11:17:42.741522+02
11	auth	0009_alter_user_last_name_max_length	2023-09-19 11:17:42.748785+02
12	auth	0010_alter_group_name_max_length	2023-09-19 11:17:42.757433+02
13	auth	0011_update_proxy_permissions	2023-09-19 11:17:42.764451+02
14	auth	0012_alter_user_first_name_max_length	2023-09-19 11:17:42.771577+02
15	login	0001_initial	2023-09-19 11:17:42.820968+02
16	admin	0001_initial	2023-09-19 11:17:42.841871+02
17	admin	0002_logentry_remove_auto_add	2023-09-19 11:17:42.856398+02
18	admin	0003_logentry_add_action_flag_choices	2023-09-19 11:17:42.868233+02
19	ged	0001_initial	2023-09-19 11:17:42.885651+02
20	gestion	0001_initial	2023-09-19 11:17:43.011452+02
21	gestion	0002_periode_planengagement	2023-09-19 11:17:43.041369+02
22	gestion	0003_rename_coordonnes_bancaire_organisation_rib_and_more	2023-09-19 11:17:43.0872+02
23	gestion	0004_alter_engagement_source_financement_and_more	2023-09-19 11:17:43.123577+02
24	gestion	0005_engagement_bordereau_avis_and_more	2023-09-19 11:17:43.184342+02
25	gestion	0006_organisation_devise_alter_engagement_bordereau_avis_and_more	2023-09-19 11:17:43.247339+02
26	gestion	0007_remove_engagement_reference_and_more	2023-09-19 11:17:43.312143+02
27	gestion	0008_alter_engagement_bordereau_avis_and_more	2023-09-19 11:17:43.389859+02
28	gestion	0009_alter_engagement_bordereau_avis_and_more	2023-09-19 11:17:43.461074+02
29	gestion	0010_alter_etatdossier_options_alter_periode_options_and_more	2023-09-19 11:17:43.480236+02
30	login	0002_alter_users_service	2023-09-19 11:17:43.58331+02
31	login	0003_commentaire_tutelle	2023-09-19 11:17:43.619827+02
32	login	0004_commentaire_tutelle_date_analyse	2023-09-19 11:17:43.641171+02
33	login	0005_commentaire_tutelle_objet	2023-09-19 11:17:43.663496+02
34	login	0006_titre_users_titre	2023-09-19 11:17:43.698065+02
35	sessions	0001_initial	2023-09-19 11:17:43.707833+02
36	login	0007_commentaire_tutelle_date_val_and_more	2023-09-19 14:45:25.907578+02
37	login	0008_alter_commentaire_tutelle_date_val_and_more	2023-09-19 14:45:25.974205+02
38	login	0009_commentaire_tutelle_validateur_and_more	2023-09-19 14:45:26.060274+02
39	login	0010_alter_commentaire_tutelle_date_val_and_more	2023-09-19 14:45:26.181482+02
40	login	0002_remove_users_telephone	2023-09-19 15:21:40.04033+02
41	login	0003_remove_users_groupe_remove_users_service_and_more	2023-09-19 15:24:34.902159+02
42	login	0004_users_groupe_users_service_users_telephone_and_more	2023-09-19 15:28:15.503498+02
43	gestion	0002_alter_devise_options_alter_engagement_options_and_more	2023-09-20 15:53:10.750205+02
44	login	0005_alter_commentaire_tutelle_options_and_more	2023-09-20 15:53:10.789786+02
45	login	0006_alter_commentaire_tutelle_date_val	2023-09-22 12:31:15.382022+02
46	login	0002_delete_notification	2023-09-23 19:37:49.964021+02
47	login	0003_notification	2023-09-23 19:37:49.9744+02
48	login	0007_merge_20230923_1737	2023-09-23 19:37:49.977345+02
49	gestion	0002_lettre	2023-10-06 15:57:37.31438+02
50	gestion	0003_lettre_exercice	2023-10-06 15:57:37.345954+02
51	gestion	0004_rename_objet_lettre_organisation	2023-10-06 15:57:37.37283+02
52	gestion	0005_merge_20231006_1357	2023-10-06 15:57:37.375965+02
53	gestion	0005_lignegblobale_montant_actuel_and_more	2023-10-16 15:13:34.792584+02
54	gestion	0006_rename_montant_disponible_lignegblobale_credit_actuel_and_more	2023-10-16 15:13:34.875851+02
55	gestion	0007_merge_20231016_1313	2023-10-16 15:13:34.878795+02
\.


--
-- Data for Name: django_session; Type: TABLE DATA; Schema: public; Owner: user_contribution
--

COPY public.django_session (session_key, session_data, expire_date) FROM stdin;
j3acvk6q8noojs2unzvfsbp7betk274q	.eJxVjDcOwjAUQO_imVi24_YZ2TlD9ItNAiiRUibE3SFSBphfeakOt7XvtqXM3SDqrEzmAhhrUxLYxreVGyLkRqoXKgzRQlKn3-xLH2XcW7njeJs0T-M6D6R3RR900ddJyvNyuH-DHpd-r7Pn1rhsJVIs1nJuwQdJIWByjMWJsw6BgAKZ5GrOCJYNxQzGkTj1_gCKMEGr:1qoRFp:PZ7s8SLQ6cumJSEB0jyoBA62tDK1WQ91ZXNA3oRCLlA	2023-10-19 18:31:13.970658+02
ir9zundhk9xa547epdgnufylvj9nbiuu	.eJxVjDcOwjAUQO_imVi24_YZ2TlD9ItNAiiRUibE3SFSBphfeakOt7XvtqXM3SDqrEzmAhhrUxLYxreVGyLkRqoXKgzRQlKn3-xLH2XcW7njeJs0T-M6D6R3RR900ddJyvNyuH-DHpd-r7Pn1rhsJVIs1nJuwQdJIWByjMWJsw6BgAKZ5GrOCJYNxQzGkTj1_gCKMEGr:1qsPLx:QAyRkdg4dwBkwZXXGbNYggO-XfvRo1ISki3dvJXseDI	2023-10-30 16:17:57.508966+01
i0ksz60w44d8pu1p08nqvj6ph00li4jc	.eJxVjDsOwjAQRO_iGlte_5cyPWeINraXBFAi5VMh7k4ipYBqpJn35i1a2ta-3ZY6t0MRV8FBm2hSkehSlc4hSooGpOdYsXQdZQ_i8qvt1bOOh1seNN4nladxnYdOHYg610XdplJfzcn-HfS09IcNqNlGgD2jS5YtGJ2czcxYfWUOnDNwoOAtkQNtoGBAnWyxQMmIzxe3RkA0:1rUkzT:hL4ZAox21x58WLveOq6osfE3SSJDe9HgxJK6cUREeLs	2024-02-13 11:05:15.844241+01
t16q357vjxzlb11m6sljaf8o262mkja3	.eJxVjDcOwjAUQO_imVi24_YZ2TlD9ItNAiiRUibE3SFSBphfeakOt7XvtqXM3SDqrEzmAhhrUxLYxreVGyLkRqoXKgzRQlKn3-xLH2XcW7njeJs0T-M6D6R3RR900ddJyvNyuH-DHpd-r7Pn1rhsJVIs1nJuwQdJIWByjMWJsw6BgAKZ5GrOCJYNxQzGkTj1_gCKMEGr:1qsPfI:KwTObbTXcyXabasxg1jjTbgmZ8edPz_cc3qSWlmDcwE	2023-10-30 16:37:56.362774+01
mk2fo2w3b3acygarp8st2s3a76dkwzyw	.eJxVzMsOwiAQheF3YW0JUBgYl-59hoYZBls1bdLLyvju2qQLXZ__Oy_V5W3tu22RuRuKOisbmAFLbFyy0PjkuEGg1GANJWTLwWejTr-MMj9k3G255_E2aZ7GdR5I74k-1kVfpyLPy9H-HfR56b-ajUVwJEStQUFrMPrqI4dItRBgCx6CQM2uisWQ0Lc2o3cmGi9Fknp_AKwwQEk:1r164O:v0C_IpZwHNC1Aj_PSggq_N3-Uosus52WPCT6-nakPiU	2023-11-23 15:31:44.625714+01
xq3kbk8m5x1ssex9o6cecx4px5ntzts5	.eJxVzMsOwiAQheF3YW3JAJ0BXLr3GZoBBls1bdLLyvjupqYLXZ__Oy_V8bb23bbI3A1FnVUxhNZE0wijb1onvmFk3yR0UYwtEATU6Zclzg8Zv_bO423SeRrXeUh6T_SxLvo6FXlejvbvoOel33WyYFzmkFtLFIIQUoXgkFKmQAVa78BUiRggAldbq5NcDUlCb21S7w-VzEBX:1r17TT:_YckoQ_EJ0LdO6DZrdQWkLC9IzTyAZqHrD4x3JhVSy0	2023-11-23 17:01:43.145755+01
rd40p2rcc8prps40is1hz54w22ule8np	.eJxVzDkOwjAUhOG7uMaWV2xT0nOG6NnzTFiUSFkqxN0hUgqo5__mJTpal75bZ566G8RJBBtbcmBp2RfpHYxMUbM00FwpZp3gxOGXFaoPHjaLOw3XUdVxWKZbUVui9nVWlxH8PO_t30FPc__V1jbAo7iQbaCA6kxm42tquTrWOSLlY_Ro8FyIAsObGLV2IBONhnh_AATwQXY:1qsQXI:eBHLVVipNDuFlOzvuxRDgJQciZZ81ndU5H_dUGjXzqY	2023-10-30 17:33:44.417617+01
h0k38vbn85x52w9gveb9uzdtq3su5s73	.eJxVjjkOwjAQRe_iGlv2eB1Kes4Q2Z4xYVEiZakQdyeRUkD93_t6b9Hldem7deapu5M4Cw-xJUssgV2RzpKRKWqWhjTXHFEnsuL0q5VcnzzsLj3ycBtVHYdluhe1I-pYZ3UdiV-Xg_076PPcb3b0ltDpaDE03cgD5S3EZwrVBF2BDDfPgBGsw5gYEzZXvcGtD2wJ4vMF3nlASQ:1qvIgF:SItkTRqJRE9m9z7sNQV-sCq2gnzmCGS14HYlozYYRwU	2023-11-07 15:46:51.071668+01
ww3x7trcdwq186xdhotwdfklpum6d378	.eJxVjDcOwjAUQO_imVi24_YZ2TlD9ItNAiiRUibE3SFSBphfeakOt7XvtqXM3SDqrEzmAhhrUxLYxreVGyLkRqoXKgzRQlKn3-xLH2XcW7njeJs0T-M6D6R3RR900ddJyvNyuH-DHpd-r7Pn1rhsJVIs1nJuwQdJIWByjMWJsw6BgAKZ5GrOCJYNxQzGkTj1_gCKMEGr:1qpDqr:bR5CWVssFShFFK2iLmEL6rDGoQEDgOctYvz5qUVOV-8	2023-10-21 22:24:41.47676+02
geys81hxnd5bzw25yafhwklkx53re32n	.eJxVjDcOwjAUQO_imVi24_YZ2TlD9ItNAiiRUibE3SFSBphfeakOt7XvtqXM3SDqrEzmAhhrUxLYxreVGyLkRqoXKgzRQlKn3-xLH2XcW7njeJs0T-M6D6R3RR900ddJyvNyuH-DHpd-r7Pn1rhsJVIs1nJuwQdJIWByjMWJsw6BgAKZ5GrOCJYNxQzGkTj1_gCKMEGr:1qpDsJ:cycDDEyVGkQuHOcvUiJ4b1wHAIo22ZCglNVSZe5hvXc	2023-10-21 22:26:11.064121+02
l57glg03p83t6k00zyaqx70o514540rr	.eJxVjjkOwjAQRe_iGlv2eB1Kes4Q2Z4xYVEiZakQdyeRUkD93_t6b9Hldem7deapu5M4Cw-xJUssgV2RzpKRKWqWhjTXHFEnsuL0q5VcnzzsLj3ycBtVHYdluhe1I-pYZ3UdiV-Xg_076PPcb3b0ltDpaDE03cgD5S3EZwrVBF2BDDfPgBGsw5gYEzZXvcGtD2wJ4vMF3nlASQ:1qvIxF:XAj4bVh6FJM66c4dKhMOTHf88NSm-Fif7hpukS5ejtE	2023-11-07 16:04:25.815715+01
r6uhh5uh84hk24bershan2r2jdds4u0v	.eJxVjEsOwjAMBe-SNY2SOI0LS_acobJjhxZQK_WzQtydVuoCdk-amfc2La1L166zTm0v5mKwziIFU4VMWsVasGo8l21l8q64ULwzp9-MKT912Ft50HAfbR6HZerZ7oo96Gxvo-jrerh_Bx3N3VZnzKquQPSZE4trsOECDjhG8UAQzoEASVMURDw3jgGSiouBQmRl8_kCQjRBiw:1r3IED:nFiLL3HaruWV8Wt7cw6m8irM58v5J7mXi5dkXZGOXdM	2023-11-29 16:54:57.691175+01
aomnfsaq7byloq3xvzjl1nai65srnhjw	.eJxVzDsOwjAQRdG9uMaWx39T0rOGaDxjkwBKpHwqxN4hUgqo3z3vJTrc1r7bljp3A4uzAE8UMkdpEgTpkiGZQ0kyN88egbxDLU6_rCA96rhbvuN4mxRN4zoPRe2JOtZFXSeuz8vR_h30uPRfnVumCOhtrtFg9RB8KZYMuQweGjcEG43RJbsIzWlm11q0pjAmhqDF-wO1NkC5:1qqGvu:OCxb1Xc2k-dbVThBIxKDFtRBHnuHiWkRYj1xChAgFqA	2023-10-24 19:54:14.178034+02
vb0k18ii03jnmubqsrjqt6lqrdg2c3vl	.eJxVzDsOwjAQRdG9uMaWx39T0rOGaDxjkwBKpHwqxN4hUgqo3z3vJTrc1r7bljp3A4uzAE8UMkdpEgTpkiGZQ0kyN88egbxDLU6_rCA96rhbvuN4mxRN4zoPRe2JOtZFXSeuz8vR_h30uPRfnVumCOhtrtFg9RB8KZYMuQweGjcEG43RJbsIzWlm11q0pjAmhqDF-wO1NkC5:1qvbBm:_CcUhFc6isGyRsKxJ8M4jxQ-f9ntDO7ueLCaRTPqMWQ	2023-11-08 11:32:38.076758+01
1pcuxh71et5ksd6wn7nzfxbuwkl2jubz	.eJxVjEsOwjAMBe-SNY2SOI0LS_acobJjhxZQK_WzQtydVuoCdk-amfc2La1L166zTm0v5mKwziIFU4VMWsVasGo8l21l8q64ULwzp9-MKT912Ft50HAfbR6HZerZ7oo96Gxvo-jrerh_Bx3N3VZnzKquQPSZE4trsOECDjhG8UAQzoEASVMURDw3jgGSiouBQmRl8_kCQjRBiw:1qw0w0:OvjzmoyfaDnLAUv3sLDZ8D2FWTg_egudCfuJodi0XPs	2023-11-09 15:02:04.035995+01
sopdpd3ev9mryy90wfrafobtsvv7ijt6	.eJxVjjsOwjAQRO_iGltrs_4sJT1niBx7lwRQIuVTIe5OIqWAdua90bxVk9ela9aZp6av6qIkgIsuVU2YWCMS6Ryd1V4iU23bXLxVp19ti5487G595OE-mjIOy9S3ZkfM0c7mNlZ-XQ_2b6DLc7fZVOjsJBEDU2FywXqkSJCcgJcMsUoh54UxY_EEwRYEqWE7Kughqc8Xxj5AYw:1r7yae:nsB4zlQ_Woh-99TkmULKlV_RhrGdCA9u9IBq4v4Jthk	2023-12-12 14:57:28.483777+01
z7jcrkf4ucmm23eoqeboyaog0ntjgtne	.eJxVjbkOwjAQRP_FNbbs9bFeSnq-IVpfhEOJlKNC_DuJlALamfdm3qLjdem7da5Tdy_iLFrQgBCLJBerdI5IMoKRvmGlkhJnb8TpV9uiZx12tzx4uI0qj8My3ZPaEXW0s7qOpb4uB_s30PPcbzYRhGCAt5fioYDxlJKNodWWfGzaWdN0tNF6hobIlBgj-mwza0sVxecLxvdArA:1qrdoM:ZpMFmH0iZBkkQ59xDHAvPgVQz-ecDAoAI6x-Jx6aZjU	2023-10-28 14:32:06.812544+02
a2i3qqy78t3xoatd5m8qk9ob0ocex0wl	.eJxVjDkOwjAUBe_iGlt2vFOm5wzRX2wSQImUpULcnURKAd2TZua9RQfb2nfbUuZuYHEVxhOFzFE2yQTpUkMyB0wyV88eDHkHWlx-MwR6lvFo-QHjfVI0jes8oDoUddJF3SYur_Z0_w56WPq9tj5UzpRKQOdLRdTJuVzJAEPel45YLTFwhuqLRpsoaRs1Oo41OCM-X910QY0:1ql6aH:2_eSIOG0SlmNf-fZAGyqbYblTa3VmILut4EBrO0xjrY	2023-10-10 13:50:33.569483+02
a8lxysayb4qoa9ywk1o8a82h1s02unwz	.eJxVjDcOwjAUQO_imVi24_YZ2TlD9ItNAiiRUibE3SFSBphfeakOt7XvtqXM3SDqrEzmAhhrUxLYxreVGyLkRqoXKgzRQlKn3-xLH2XcW7njeJs0T-M6D6R3RR900ddJyvNyuH-DHpd-r7Pn1rhsJVIs1nJuwQdJIWByjMWJsw6BgAKZ5GrOCJYNxQzGkTj1_gCKMEGr:1qoQQp:tgmR4_Gxydewd_TvlLPs33-oaHUzCpfP-1GF0rXuWW8	2023-10-19 17:38:31.207001+02
4ealck6yg4tq5h6krzkiyky780qge705	.eJxVjjsOwjAQRO_iGltrs_4sJT1niBx7lwRQIuVTIe5OIqWAdua90bxVk9ela9aZp6av6qIkgIsuVU2YWCMS6Ryd1V4iU23bXLxVp19ti5487G595OE-mjIOy9S3ZkfM0c7mNlZ-XQ_2b6DLc7fZVOjsJBEDU2FywXqkSJCcgJcMsUoh54UxY_EEwRYEqWE7Kughqc8Xxj5AYw:1r8Lag:xYd-tDClsu6Q1SMI4I_KXru8hMg4sf5RkfDc8b0cQEI	2023-12-13 15:31:02.714187+01
zgq7n26af51pr4di5fpbnfyepndbwvm6	.eJxVjEsOwjAMBe-SNY2SOI0LS_acobJjhxZQK_WzQtydVuoCdk-amfc2La1L166zTm0v5mKwziIFU4VMWsVasGo8l21l8q64ULwzp9-MKT912Ft50HAfbR6HZerZ7oo96Gxvo-jrerh_Bx3N3VZnzKquQPSZE4trsOECDjhG8UAQzoEASVMURDw3jgGSiouBQmRl8_kCQjRBiw:1qtsbR:E8evE7mKwSjfCZrpgJ_MAiFUeA0is82GVLAtPf5iWBw	2023-11-03 17:44:01.539731+01
fjqnluwzi2wf4y18v2do4p901mczalky	.eJxVjDcOwjAUQO_imVi24_YZ2TlD9ItNAiiRUibE3SFSBphfeakOt7XvtqXM3SDqrEzmAhhrUxLYxreVGyLkRqoXKgzRQlKn3-xLH2XcW7njeJs0T-M6D6R3RR900ddJyvNyuH-DHpd-r7Pn1rhsJVIs1nJuwQdJIWByjMWJsw6BgAKZ5GrOCJYNxQzGkTj1_gCKMEGr:1r141D:yywzlv06IBcsOhAmuHBlD3hGG9BoKydrjY8rbB8Ua3E	2023-11-23 13:20:19.816436+01
jty07f41eu1kejo5fvjgq5hgl72ipxu1	.eJxVzDsOwjAQRdG9uMaWx39T0rOGaDxjkwBKpHwqxN4hUgqo3z3vJTrc1r7bljp3A4uzAE8UMkdpEgTpkiGZQ0kyN88egbxDLU6_rCA96rhbvuN4mxRN4zoPRe2JOtZFXSeuz8vR_h30uPRfnVumCOhtrtFg9RB8KZYMuQweGjcEG43RJbsIzWlm11q0pjAmhqDF-wO1NkC5:1r14wn:VpCApvweFy92dcqMkKRnBlLYOYqOrx4y3JJGbgZyQ8U	2023-11-23 14:19:49.183067+01
l5vpw0yulp31ebztn7mex5zizniuat8o	.eJxVjDcOwjAUQO_imVi24_YZ2TlD9ItNAiiRUibE3SFSBphfeakOt7XvtqXM3SDqrEzmAhhrUxLYxreVGyLkRqoXKgzRQlKn3-xLH2XcW7njeJs0T-M6D6R3RR900ddJyvNyuH-DHpd-r7Pn1rhsJVIs1nJuwQdJIWByjMWJsw6BgAKZ5GrOCJYNxQzGkTj1_gCKMEGr:1rresl:qCGzpcGR5nkYzU8F5uJe6p501JhorkT2-fOpfiQJDzA	2024-04-16 16:12:59.214463+02
3j7oexkgla7y2jj0a9boh6sa61ax7sg7	.eJxVjDsOwjAQRO_iGlte_5cyPWeINraXBFAi5VMh7k4ipYBqpJn35i1a2ta-3ZY6t0MRV8FBm2hSkehSlc4hSooGpOdYsXQdZQ_i8qvt1bOOh1seNN4nladxnYdOHYg610XdplJfzcn-HfS09IcNqNlGgD2jS5YtGJ2czcxYfWUOnDNwoOAtkQNtoGBAnWyxQMmIzxe3RkA0:1rXIUQ:LeY9pVPRLr9gepaSSaFzMwekB7Znu3rt0kjvFgi3OAE	2024-02-20 11:15:42.481594+01
a1f491agc7b013bz51we393ohiai3gl4	.eJxVjDcOwjAUQO_imVi24_YZ2TlD9ItNAiiRUibE3SFSBphfeakOt7XvtqXM3SDqrEzmAhhrUxLYxreVGyLkRqoXKgzRQlKn3-xLH2XcW7njeJs0T-M6D6R3RR900ddJyvNyuH-DHpd-r7Pn1rhsJVIs1nJuwQdJIWByjMWJsw6BgAKZ5GrOCJYNxQzGkTj1_gCKMEGr:1rrxwP:CCEnHMk0OyITR7TxM0NCgCq1-nFL_MDUKrza5qOJu6k	2024-04-17 12:34:01.108327+02
l6px5lh2brbrogcld3znt5aujez3u2be	.eJxVjDsOwjAQRO_iGlte_5cyPWeINraXBFAi5VMh7k4ipYBqpJn35i1a2ta-3ZY6t0MRV8FBm2hSkehSlc4hSooGpOdYsXQdZQ_i8qvt1bOOh1seNN4nladxnYdOHYg610XdplJfzcn-HfS09IcNqNlGgD2jS5YtGJ2czcxYfWUOnDNwoOAtkQNtoGBAnWyxQMmIzxe3RkA0:1rqG0C:akK1aeqsYYq9ycTH9Cm37ixYsE0-lgYTCjtoO7_XRdE	2024-04-12 19:26:52.728836+02
lktpik3j0ey1aem43r2wgic9til01bbl	.eJxVjDcOwjAUQO_imVi24_YZ2TlD9ItNAiiRUibE3SFSBphfeakOt7XvtqXM3SDqrEzmAhhrUxLYxreVGyLkRqoXKgzRQlKn3-xLH2XcW7njeJs0T-M6D6R3RR900ddJyvNyuH-DHpd-r7Pn1rhsJVIs1nJuwQdJIWByjMWJsw6BgAKZ5GrOCJYNxQzGkTj1_gCKMEGr:1rsKrS:-5uOk-GeAYsKBzHvRa2RInIasXDV346sWNuN2Ygujmo	2024-04-18 13:02:26.384893+02
1w0uq1sqa4swiiovfp9i40by7kqtkf2b	.eJxVjDcOwjAUQO_imVi24_YZ2TlD9ItNAiiRUibE3SFSBphfeakOt7XvtqXM3SDqrEzmAhhrUxLYxreVGyLkRqoXKgzRQlKn3-xLH2XcW7njeJs0T-M6D6R3RR900ddJyvNyuH-DHpd-r7Pn1rhsJVIs1nJuwQdJIWByjMWJsw6BgAKZ5GrOCJYNxQzGkTj1_gCKMEGr:1rhom0:mJ4DJS2loULmQ1u-BQ_DUNUW5z1NrNp-V06IuJ6PcgU	2024-03-20 11:45:20.909218+01
qclc6ba7k2mvsjt6g9ot5sjl9mgeho5d	.eJxVjDsOwjAQRO_iGlte_5cyPWeINraXBFAi5VMh7k4ipYBqpJn35i1a2ta-3ZY6t0MRV8FBm2hSkehSlc4hSooGpOdYsXQdZQ_i8qvt1bOOh1seNN4nladxnYdOHYg610XdplJfzcn-HfS09IcNqNlGgD2jS5YtGJ2czcxYfWUOnDNwoOAtkQNtoGBAnWyxQMmIzxe3RkA0:1rhxiI:xXpmIQuwgp9iJm_6uzFlVZhmrcBV0mt3kZ0r7x5Z724	2024-03-20 21:18:06.805939+01
npc4l6t0q1ztmw0c04qfprjoyrhalhdj	.eJxVjDsOwjAQRO_iGlte_5cyPWeINraXBFAi5VMh7k4ipYBqpJn35i1a2ta-3ZY6t0MRV8FBm2hSkehSlc4hSooGpOdYsXQdZQ_i8qvt1bOOh1seNN4nladxnYdOHYg610XdplJfzcn-HfS09IcNqNlGgD2jS5YtGJ2czcxYfWUOnDNwoOAtkQNtoGBAnWyxQMmIzxe3RkA0:1rhxkR:GA-Ja9sURwyRhsEb-TbNoEANuN4NvCbXAUL6xutCqfM	2024-03-20 21:20:19.502856+01
apyg8yh50cv9tzslijyco2zd56sc3u8b	.eJxVjEsOwjAMBe-SNY2SOI0LS_acobJjhxZQK_WzQtydVuoCdk-amfc2La1L166zTm0v5mKwziIFU4VMWsVasGo8l21l8q64ULwzp9-MKT912Ft50HAfbR6HZerZ7oo96Gxvo-jrerh_Bx3N3VZnzKquQPSZE4trsOECDjhG8UAQzoEASVMURDw3jgGSiouBQmRl8_kCQjRBiw:1rreE3:G6lE7-ONHu7f7WsNLSJ4t5d4KHVNJn3-qqov7XthwLo	2024-04-16 15:30:55.027504+02
0chk2sytqs95arklengpvye1i09vsrko	.eJxVjDcOwjAUQO_imVi24_YZ2TlD9ItNAiiRUibE3SFSBphfeakOt7XvtqXM3SDqrEzmAhhrUxLYxreVGyLkRqoXKgzRQlKn3-xLH2XcW7njeJs0T-M6D6R3RR900ddJyvNyuH-DHpd-r7Pn1rhsJVIs1nJuwQdJIWByjMWJsw6BgAKZ5GrOCJYNxQzGkTj1_gCKMEGr:1rrgig:RNlc-Tl0Dl_dzOn7l41p8XhrYEVxui2oPWlfNKHND_M	2024-04-16 18:10:42.189038+02
za6quoiem8udmrdyz4oxkjequejutqru	.eJxVjDcOwjAUQO_imVi24_YZ2TlD9ItNAiiRUibE3SFSBphfeakOt7XvtqXM3SDqrEzmAhhrUxLYxreVGyLkRqoXKgzRQlKn3-xLH2XcW7njeJs0T-M6D6R3RR900ddJyvNyuH-DHpd-r7Pn1rhsJVIs1nJuwQdJIWByjMWJsw6BgAKZ5GrOCJYNxQzGkTj1_gCKMEGr:1rUSZR:6MhLkX-WkOAZooBAVH5onaKhVTltIsum6Vzgb-IPI5I	2024-02-12 15:25:09.20086+01
b1toq5k6i4ua04dmc1zjdgoiky2pnjf9	.eJxVjDsOwjAQRO_iGlte_5cyPWeINraXBFAi5VMh7k4ipYBqpJn35i1a2ta-3ZY6t0MRV8FBm2hSkehSlc4hSooGpOdYsXQdZQ_i8qvt1bOOh1seNN4nladxnYdOHYg610XdplJfzcn-HfS09IcNqNlGgD2jS5YtGJ2czcxYfWUOnDNwoOAtkQNtoGBAnWyxQMmIzxe3RkA0:1rsJwp:5dIlnK9kVjtLxJwmgSa_CoKoGZeVMfvVNwLIjrFcH3E	2024-04-18 12:03:55.333467+02
roiutnis3buigoz1nikg0tl8m7yanavk	.eJxVjDsOwjAQRO_iGlte_5cyPWeINraXBFAi5VMh7k4ipYBqpJn35i1a2ta-3ZY6t0MRV8FBm2hSkehSlc4hSooGpOdYsXQdZQ_i8qvt1bOOh1seNN4nladxnYdOHYg610XdplJfzcn-HfS09IcNqNlGgD2jS5YtGJ2czcxYfWUOnDNwoOAtkQNtoGBAnWyxQMmIzxe3RkA0:1rezCP:VQqRJYHrDMdouIKTYD75Cu6_dsIb-jIcE3Fj_zkYi_M	2024-03-12 16:16:53.124037+01
dz8b1uomdgad6ciy6yix4sdv14gz0un7	.eJxVjDsOwjAQRO_iGlte_5cyPWeINraXBFAi5VMh7k4ipYBqpJn35i1a2ta-3ZY6t0MRV8FBm2hSkehSlc4hSooGpOdYsXQdZQ_i8qvt1bOOh1seNN4nladxnYdOHYg610XdplJfzcn-HfS09IcNqNlGgD2jS5YtGJ2czcxYfWUOnDNwoOAtkQNtoGBAnWyxQMmIzxe3RkA0:1rqJsQ:JCMftqmcdr_feG-WnAQNp-S0nJr0rPIErsrqe1fxJfM	2024-04-12 23:35:06.043566+02
sax585uiqrvtwt1m4kpq62vqodd7h27f	.eJxVjDsOwjAQRO_iGlte_5cyPWeINraXBFAi5VMh7k4ipYBqpJn35i1a2ta-3ZY6t0MRV8FBm2hSkehSlc4hSooGpOdYsXQdZQ_i8qvt1bOOh1seNN4nladxnYdOHYg610XdplJfzcn-HfS09IcNqNlGgD2jS5YtGJ2czcxYfWUOnDNwoOAtkQNtoGBAnWyxQMmIzxe3RkA0:1rVVus:CM01GbCB8SzOiih8E4jWcvT237ADkKplIy1nqcLmpdY	2024-02-15 13:11:38.78305+01
wslhxaoldl6jqcffz79og0pahhb6pzo8	.eJxVjDcOwjAUQO_imVi24_YZ2TlD9ItNAiiRUibE3SFSBphfeakOt7XvtqXM3SDqrEzmAhhrUxLYxreVGyLkRqoXKgzRQlKn3-xLH2XcW7njeJs0T-M6D6R3RR900ddJyvNyuH-DHpd-r7Pn1rhsJVIs1nJuwQdJIWByjMWJsw6BgAKZ5GrOCJYNxQzGkTj1_gCKMEGr:1rhWuu:eYGOH4pwHC6mFXDwzLNeSQVNre54GEzZFU4ds2cABS8	2024-03-19 16:41:20.442152+01
qazt1nuigvyi783vhriapewgpi2c4s5s	.eJxVjDcOwjAUQO_imVi24_YZ2TlD9ItNAiiRUibE3SFSBphfeakOt7XvtqXM3SDqrEzmAhhrUxLYxreVGyLkRqoXKgzRQlKn3-xLH2XcW7njeJs0T-M6D6R3RR900ddJyvNyuH-DHpd-r7Pn1rhsJVIs1nJuwQdJIWByjMWJsw6BgAKZ5GrOCJYNxQzGkTj1_gCKMEGr:1rX1VT:neSJ1Qk_Cqk7_Sg_9mwbGXkpzcPYpxs3mAznbjaQbKo	2024-02-19 17:07:39.721611+01
fpp41a25t0i7q1n4nes9kmfurpkfndga	.eJxVjDsOwjAQRO_iGlte_5cyPWeINraXBFAi5VMh7k4ipYBqpJn35i1a2ta-3ZY6t0MRV8FBm2hSkehSlc4hSooGpOdYsXQdZQ_i8qvt1bOOh1seNN4nladxnYdOHYg610XdplJfzcn-HfS09IcNqNlGgD2jS5YtGJ2czcxYfWUOnDNwoOAtkQNtoGBAnWyxQMmIzxe3RkA0:1rX1kw:U_BpO75G9xxrCxWHDjwMUT5iMLae0Zh6KrAMFqglSgI	2024-02-19 17:23:38.815796+01
ustr7mol9mh2pvulktmra4xi4uobapqk	.eJxVjDsOwjAQRO_iGlte_5cyPWeINraXBFAi5VMh7k4ipYBqpJn35i1a2ta-3ZY6t0MRV8FBm2hSkehSlc4hSooGpOdYsXQdZQ_i8qvt1bOOh1seNN4nladxnYdOHYg610XdplJfzcn-HfS09IcNqNlGgD2jS5YtGJ2czcxYfWUOnDNwoOAtkQNtoGBAnWyxQMmIzxe3RkA0:1rXHYB:I5xEU2bsGAw9cWCYhxWw1S6IDHvqe5R5uopwSmJS-80	2024-02-20 10:15:31.35169+01
\.


--
-- Data for Name: dossier; Type: TABLE DATA; Schema: public; Owner: user_contribution
--

COPY public.dossier (id, nom_dossier, parent_dossier_id) FROM stdin;
126	AFSEC	13
127	CTBTO	13
128	UNA	13
129	BIE	13
130	CIDC	13
131	CIMM	13
132	SOGEOH	13
9	LETTRE	\N
133	RFN	13
134	BWC	13
135	ITIE	13
136	OICS	13
137	PNUE	13
138	RCEEDAO	13
11	ENGAGEMENT	\N
12	FAO	11
10	OMVS	9
13	DOCUMENT_BASE	\N
14	INTERPOL	13
15	INTERPOL	9
16	UFM	13
17	UFM	9
18	UFM	11
19	INTERPOL	11
20	OMVS	11
21	CAMES	9
22	ABN	13
23	UA	13
24	IFA	13
25	OCI	13
26	OIM	13
27	PNUD	13
28	ONU	13
30	CODEPA	13
31	AIST	13
32	ISA	13
33	CEN-SAD	13
34	CSRP	13
35	CILSS	13
36	CRADAT	13
37	KARANTA	13
38	ICESCO	13
39	AB/AOC	13
40	IDEP	13
41	Convention de Minamata	13
42	OMC	13
43	MINUSCA	13
44	FISNUA	13
45	UPU	13
46	OMVG	13
47	OMC	11
48	AIST	11
49	KARANTA	11
50	ISA	11
51	COMAHAFAT	13
52	COMAHAFAT	11
53	UNFPA	13
54	UNFPA	11
55	CITES	13
56	FSA	13
57	CNULCD	13
58	2iE	13
59	G77	13
60	OIT	9
61	CONFEJES	13
62	ICCAT	13
63	ACMAD	13
64	CPI	13
65	AFCONE	13
66	CREDAF	13
67	DROIT DE LA MER	13
68	IOTC	13
69	FAFOA/WATAF	13
70	SESRIC	13
71	FAUSP	13
72	IRENA	13
73	FIDA	13
74	FINUL	13
75	ABN	9
76	MONUSCO	13
77	AFRISAT	13
78	AIFI	13
79	FNUOD	13
80	CONVENTION DE MINAMATA SUR LE MERCURE	13
81	Afritac	13
82	OEACP	13
83	IRENA	9
84	AMCOMET	13
85	ISA	9
86	AIST	9
87	OHADA	13
88	ACMAD	9
89	CREDAF	9
90	CRADAT	9
91	AMCOMET	9
92	CONFEJES	9
93	COMAHAFAT	9
94	CODEPA	9
95	AFCONE	9
96	IOTC	9
97	UA	9
98	CSRP	9
99	ICCAT	9
100	CEN-SAD	9
101	CEDEAO	9
102	CNULCD	9
103	CITES	9
104	FSA	9
105	UNFPA	9
106	FAUSP	9
107	CPI	9
108	FIDA	9
109	KARANTA	9
110	FINUL	9
111	G77	9
112	IFA	9
113	2IE	9
114	AFRISAT	9
115	MONUSCO	9
116	AIFI	9
117	SESRIC	9
118	ONU	9
119	FAO	9
120	OMVS	13
121	OMD	13
122	OMI	13
123	OCDE	13
124	ORAN	13
125	CONFEMEN	13
139	UIT	13
140	UNAFRI	13
141	NUD	13
142	CONSEIL DE L'EUROPE	13
\.


--
-- Data for Name: engagement; Type: TABLE DATA; Schema: public; Owner: user_contribution
--

COPY public.engagement (id, objet, montant_engage, montant_paye, date_engagement, date_miseajour, referenceov, contribution_apaye_id, devise_id, etat_dossier_id, exercice_id, organisation_id, source_financement_id, bordereau_avis, bordereau_engagement) FROM stdin;
5	Paiement partiel des Arriérés de la Contribution Guinéeenne en faveur du Secrétariat de l'Union du Fleuve Mano au titre de l'exercice 2023	60000	0	2023-09-15 02:00:00+02	\N	\N	14	USD	01	2023	07	1		DOCUMENTS/ENGAGEMENT/UFM/bon_engagement_2023-09-15.pdf
6	Paiement des Arriérés de la Contribution Guinéeenne dûe à l'Interpol au titre de l'exercice 2023	36436	0	2023-05-23 02:00:00+02	\N	\N	13	EUR	01	2023	06	1		DOCUMENTS/ENGAGEMENT/INTERPOL/bon_engagement_2023-05-23.pdf
8	Paiement partiel des  arriérés de la contribution Guinéenne dû à l'organisation Mondiale du Commerce	21500	0	2024-02-15 01:00:00+01	\N	\N	107	CHF	01	2024	25	1		DOCUMENTS/ENGAGEMENT/OMC/bon_engagement_2024-02-15.pdf
9	Paiement partiel des  arriérés de la contribution Guinéenne dû à l'Association Internationale des services du Trésor (AIST)	2500	0	2024-02-15 01:00:00+01	\N	\N	101	EUR	01	2024	13	1		DOCUMENTS/ENGAGEMENT/AIST/bon_engagement_2024-02-15.pdf
10	Paiement partiel des  arriérés de la contribution Guinéenne dû à la fondation karanta	14000000	0	2024-02-15 01:00:00+01	\N	\N	94	CFA	01	2024	19	1		DOCUMENTS/ENGAGEMENT/KARANTA/bon_engagement_2024-02-15.pdf
11	Paiement partiel des  arriérés de la contribution Guinéenne dû à l'Alliance Solaire Internationale( I S A)	5000	0	2024-02-20 01:00:00+01	\N	\N	102	USD	01	2024	14	1		DOCUMENTS/ENGAGEMENT/ISA/bon_engagement_2024-02-20.pdf
12	Paiement partiel des  arriérés de la contribution Guinéenne dû à la coopération halieutique entre les Etats Africains Riverains de l'Ocean Atlantique	12000	0	2024-02-15 01:00:00+01	\N	\N	113	USD	01	2024	31	1		DOCUMENTS/ENGAGEMENT/COMAHAFAT/bon_engagement_2024-02-15.pdf
13	Paiement partiel des  arriérés de la contribution Guinéenne dû au Fond des Nation Unies pour la population	10000	0	2024-02-15 01:00:00+01	\N	\N	114	USD	01	2024	32	1		DOCUMENTS/ENGAGEMENT/UNFPA/bon_engagement_2024-02-15.pdf
\.


--
-- Data for Name: etat_dossier; Type: TABLE DATA; Schema: public; Owner: user_contribution
--

COPY public.etat_dossier (code, libelle) FROM stdin;
01	En instance de paiement
02	Payé
03	Rejeté
\.


--
-- Data for Name: exercice; Type: TABLE DATA; Schema: public; Owner: user_contribution
--

COPY public.exercice (numero, statut_id) FROM stdin;
2023	FER
2024	ENC
\.


--
-- Data for Name: fichier; Type: TABLE DATA; Schema: public; Owner: user_contribution
--

COPY public.fichier (id, lien, nom_fichier, dossier_id) FROM stdin;
20	DOCUMENTS/LETTRE/CEDEAO/2023-CEDEAO-.pdf	2023-CEDEAO-.pdf	10
21	DOCUMENTS/LETTRE/FAO/2023-FAO-.pdf	2023-FAO-.pdf	10
22	DOCUMENTS/LETTRE/CAMES/2023-CAMES-.pdf	2023-CAMES-.pdf	10
23	DOCUMENTS/LETTRE/FAO/2023-FAO-.pdf	2023-FAO-.pdf	10
24	DOCUMENTS/LETTRE/CAMES/2023-CAMES-.pdf	2023-CAMES-.pdf	10
25	DOCUMENTS/LETTRE/OIT/2023-OIT-.pdf	2023-OIT-.pdf	10
26	DOCUMENTS/LETTRE/OMVS/2023-OMVS-.pdf	2023-OMVS-.pdf	10
27	DOCUMENTS/ENGAGEMENT/FAO/bon_engagement_2023-09-20.pdf	bon_engagement_2023-09-20.pdf	12
28	DOCUMENTS/ENGAGEMENT/FAO/avis_paiement_2023-09-24.pdf	avis_paiement_2023-09-24.pdf	12
29	DOCUMENTS/ENGAGEMENT/CAMES/bon_engagement_2023-10-05.pdf	bon_engagement_2023-10-05.pdf	12
30	DOCUMENTS/ENGAGEMENT/CAMES/avis_paiement_2023-10-12.pdf	avis_paiement_2023-10-12.pdf	12
31	DOCUMENTS/LETTRE/OMVS/2023-OMVS-.pdf	2023-OMVS-.pdf	10
32	DOCUMENTS/DOCUMENT_ADHESION/INTERPOL/document_adhesion.pdf	document_adhesion.pdf	14
33	DOCUMENTS/DOCUMENT_ADHESION/INTERPOL/coordonées_bancaire.pdf	coordonées_bancaire.pdf	14
34	DOCUMENTS/LETTRE/INTERPOL/2023-INTERPOL-.pdf	2023-INTERPOL-.pdf	15
35	DOCUMENTS/LETTRE/OMVS/2023-OMVS-.pdf	2023-OMVS-.pdf	10
36	DOCUMENTS/DOCUMENT_ADHESION/UFM/document_adhesion.pdf	document_adhesion.pdf	16
37	DOCUMENTS/DOCUMENT_ADHESION/UFM/coordonées_bancaire.pdf	coordonées_bancaire.pdf	16
38	DOCUMENTS/LETTRE/UFM/2023-UFM-.pdf	2023-UFM-.pdf	17
39	DOCUMENTS/ENGAGEMENT/UFM/bon_engagement_2023-09-15.pdf	bon_engagement_2023-09-15.pdf	18
40	DOCUMENTS/LETTRE/INTERPOL/2023-INTERPOL-.pdf	2023-INTERPOL-.pdf	15
41	DOCUMENTS/ENGAGEMENT/INTERPOL/bon_engagement_2023-05-23.pdf	bon_engagement_2023-05-23.pdf	19
42	DOCUMENTS/LETTRE/OMVS/2023-OMVS-.pdf	2023-OMVS-.pdf	10
43	DOCUMENTS/ENGAGEMENT/OMVS/bon_engagement_2023-06-12.pdf	bon_engagement_2023-06-12.pdf	20
44	DOCUMENTS/LETTRE/CAMES/2023-CAMES-.pdf	2023-CAMES-.pdf	21
47	DOCUMENTS/DOCUMENT_ADHESION/ABN/document_adhesion.pdf	document_adhesion.pdf	22
48	DOCUMENTS/DOCUMENT_ADHESION/ABN/coordonées_bancaire.pdf	coordonées_bancaire.pdf	22
49	DOCUMENTS/DOCUMENT_ADHESION/UA/document_adhesion.pdf	document_adhesion.pdf	23
50	DOCUMENTS/DOCUMENT_ADHESION/UA/coordonées_bancaire.pdf	coordonées_bancaire.pdf	23
51	DOCUMENTS/DOCUMENT_ADHESION/IFA/document_adhesion.pdf	document_adhesion.pdf	24
52	DOCUMENTS/DOCUMENT_ADHESION/IFA/coordonées_bancaire.pdf	coordonées_bancaire.pdf	24
55	DOCUMENTS/DOCUMENT_ADHESION/OIM/document_adhesion.pdf	document_adhesion.pdf	26
56	DOCUMENTS/DOCUMENT_ADHESION/OIM/coordonées_bancaire.pdf	coordonées_bancaire.pdf	26
59	DOCUMENTS/DOCUMENT_ADHESION/ONU/document_adhesion.pdf	document_adhesion.pdf	28
60	DOCUMENTS/DOCUMENT_ADHESION/ONU/coordonées_bancaire.pdf	coordonées_bancaire.pdf	28
63	DOCUMENTS/DOCUMENT_ADHESION/OCI/document_adhesion.pdf	document_adhesion.pdf	25
64	DOCUMENTS/DOCUMENT_ADHESION/OCI/coordonées_bancaire.pdf	coordonées_bancaire.pdf	25
67	DOCUMENTS/DOCUMENT_ADHESION/PNUD/document_adhesion.pdf	document_adhesion.pdf	27
68	DOCUMENTS/DOCUMENT_ADHESION/PNUD/coordonées_bancaire.pdf	coordonées_bancaire.pdf	27
69	DOCUMENTS/DOCUMENT_ADHESION/OIM/document_adhesion.pdf	document_adhesion.pdf	26
70	DOCUMENTS/DOCUMENT_ADHESION/OIM/coordonées_bancaire.pdf	coordonées_bancaire.pdf	26
71	DOCUMENTS/DOCUMENT_ADHESION/CODEPA/document_adhesion.pdf	document_adhesion.pdf	30
72	DOCUMENTS/DOCUMENT_ADHESION/CODEPA/coordonées_bancaire.pdf	coordonées_bancaire.pdf	30
73	DOCUMENTS/DOCUMENT_ADHESION/AIST/document_adhesion.pdf	document_adhesion.pdf	31
74	DOCUMENTS/DOCUMENT_ADHESION/AIST/coordonées_bancaire.pdf	coordonées_bancaire.pdf	31
75	DOCUMENTS/DOCUMENT_ADHESION/ISA/document_adhesion.pdf	document_adhesion.pdf	32
76	DOCUMENTS/DOCUMENT_ADHESION/ISA/coordonées_bancaire.pdf	coordonées_bancaire.pdf	32
77	DOCUMENTS/DOCUMENT_ADHESION/CEN-SAD/document_adhesion.pdf	document_adhesion.pdf	33
78	DOCUMENTS/DOCUMENT_ADHESION/CEN-SAD/coordonées_bancaire.pdf	coordonées_bancaire.pdf	33
79	DOCUMENTS/DOCUMENT_ADHESION/CSRP/document_adhesion.pdf	document_adhesion.pdf	34
80	DOCUMENTS/DOCUMENT_ADHESION/CSRP/coordonées_bancaire.pdf	coordonées_bancaire.pdf	34
81	DOCUMENTS/DOCUMENT_ADHESION/CILSS/document_adhesion.pdf	document_adhesion.pdf	35
82	DOCUMENTS/DOCUMENT_ADHESION/CILSS/coordonées_bancaire.pdf	coordonées_bancaire.pdf	35
83	DOCUMENTS/DOCUMENT_ADHESION/CRADAT/document_adhesion.pdf	document_adhesion.pdf	36
84	DOCUMENTS/DOCUMENT_ADHESION/CRADAT/coordonées_bancaire.pdf	coordonées_bancaire.pdf	36
85	DOCUMENTS/DOCUMENT_ADHESION/KARANTA/document_adhesion.pdf	document_adhesion.pdf	37
86	DOCUMENTS/DOCUMENT_ADHESION/KARANTA/coordonées_bancaire.pdf	coordonées_bancaire.pdf	37
87	DOCUMENTS/DOCUMENT_ADHESION/ICESCO/document_adhesion.pdf	document_adhesion.pdf	38
88	DOCUMENTS/DOCUMENT_ADHESION/ICESCO/coordonées_bancaire.pdf	coordonées_bancaire.pdf	38
89	DOCUMENTS/DOCUMENT_ADHESION/OCI/document_adhesion.pdf	document_adhesion.pdf	25
90	DOCUMENTS/DOCUMENT_ADHESION/OCI/coordonées_bancaire.pdf	coordonées_bancaire.pdf	25
91	DOCUMENTS/DOCUMENT_ADHESION/AB/AOC/document_adhesion.pdf	document_adhesion.pdf	39
92	DOCUMENTS/DOCUMENT_ADHESION/AB/AOC/coordonées_bancaire.pdf	coordonées_bancaire.pdf	39
93	DOCUMENTS/DOCUMENT_ADHESION/IDEP/document_adhesion.pdf	document_adhesion.pdf	40
94	DOCUMENTS/DOCUMENT_ADHESION/IDEP/coordonées_bancaire.pdf	coordonées_bancaire.pdf	40
95	DOCUMENTS/DOCUMENT_ADHESION/Convention de Minamata/document_adhesion.pdf	document_adhesion.pdf	41
96	DOCUMENTS/DOCUMENT_ADHESION/Convention de Minamata/coordonées_bancaire.pdf	coordonées_bancaire.pdf	41
97	DOCUMENTS/DOCUMENT_ADHESION/OMC/document_adhesion.pdf	document_adhesion.pdf	42
98	DOCUMENTS/DOCUMENT_ADHESION/OMC/coordonées_bancaire.pdf	coordonées_bancaire.pdf	42
99	DOCUMENTS/DOCUMENT_ADHESION/ONU/document_adhesion.pdf	document_adhesion.pdf	28
100	DOCUMENTS/DOCUMENT_ADHESION/ONU/coordonées_bancaire.pdf	coordonées_bancaire.pdf	28
101	DOCUMENTS/DOCUMENT_ADHESION/MINUSCA/document_adhesion.pdf	document_adhesion.pdf	43
102	DOCUMENTS/DOCUMENT_ADHESION/MINUSCA/coordonées_bancaire.pdf	coordonées_bancaire.pdf	43
103	DOCUMENTS/DOCUMENT_ADHESION/FISNUA/document_adhesion.pdf	document_adhesion.pdf	44
104	DOCUMENTS/DOCUMENT_ADHESION/FISNUA/coordonées_bancaire.pdf	coordonées_bancaire.pdf	44
105	DOCUMENTS/DOCUMENT_ADHESION/UPU/document_adhesion.pdf	document_adhesion.pdf	45
106	DOCUMENTS/DOCUMENT_ADHESION/UPU/coordonées_bancaire.pdf	coordonées_bancaire.pdf	45
107	DOCUMENTS/DOCUMENT_ADHESION/OMVG/document_adhesion.pdf	document_adhesion.pdf	46
108	DOCUMENTS/DOCUMENT_ADHESION/OMVG/coordonées_bancaire.pdf	coordonées_bancaire.pdf	46
109	DOCUMENTS/ENGAGEMENT/OMC/bon_engagement_2024-02-15.pdf	bon_engagement_2024-02-15.pdf	47
110	DOCUMENTS/ENGAGEMENT/AIST/bon_engagement_2024-02-15.pdf	bon_engagement_2024-02-15.pdf	48
111	DOCUMENTS/ENGAGEMENT/KARANTA/bon_engagement_2024-02-15.pdf	bon_engagement_2024-02-15.pdf	49
112	DOCUMENTS/ENGAGEMENT/ISA/bon_engagement_2024-02-20.pdf	bon_engagement_2024-02-20.pdf	50
113	DOCUMENTS/DOCUMENT_ADHESION/COMAHAFAT/document_adhesion.pdf	document_adhesion.pdf	51
114	DOCUMENTS/DOCUMENT_ADHESION/COMAHAFAT/coordonées_bancaire.pdf	coordonées_bancaire.pdf	51
115	DOCUMENTS/ENGAGEMENT/COMAHAFAT/bon_engagement_2024-02-15.pdf	bon_engagement_2024-02-15.pdf	52
116	DOCUMENTS/DOCUMENT_ADHESION/UNFPA/document_adhesion.pdf	document_adhesion.pdf	53
117	DOCUMENTS/DOCUMENT_ADHESION/UNFPA/coordonées_bancaire.pdf	coordonées_bancaire.pdf	53
118	DOCUMENTS/ENGAGEMENT/UNFPA/bon_engagement_2024-02-15.pdf	bon_engagement_2024-02-15.pdf	54
119	DOCUMENTS/ENGAGEMENT/UNFPA/bon_engagement_2024-02-15.pdf	bon_engagement_2024-02-15.pdf	54
120	DOCUMENTS/DOCUMENT_ADHESION/CITES/document_adhesion.pdf	document_adhesion.pdf	55
121	DOCUMENTS/DOCUMENT_ADHESION/CITES/coordonées_bancaire.pdf	coordonées_bancaire.pdf	55
122	DOCUMENTS/DOCUMENT_ADHESION/FSA/document_adhesion.pdf	document_adhesion.pdf	56
123	DOCUMENTS/DOCUMENT_ADHESION/FSA/coordonées_bancaire.pdf	coordonées_bancaire.pdf	56
124	DOCUMENTS/DOCUMENT_ADHESION/CNULCD/document_adhesion.pdf	document_adhesion.pdf	57
125	DOCUMENTS/DOCUMENT_ADHESION/CNULCD/coordonées_bancaire.pdf	coordonées_bancaire.pdf	57
126	DOCUMENTS/DOCUMENT_ADHESION/2iE/document_adhesion.pdf	document_adhesion.pdf	58
127	DOCUMENTS/DOCUMENT_ADHESION/2iE/coordonées_bancaire.pdf	coordonées_bancaire.pdf	58
128	DOCUMENTS/LETTRE/UFM/2024-UFM-.pdf	2024-UFM-.pdf	17
129	DOCUMENTS/DOCUMENT_ADHESION/G77/document_adhesion.pdf	document_adhesion.pdf	59
130	DOCUMENTS/DOCUMENT_ADHESION/G77/coordonées_bancaire.pdf	coordonées_bancaire.pdf	59
131	DOCUMENTS/LETTRE/OIT/2024-OIT-.pdf	2024-OIT-.pdf	60
132	DOCUMENTS/DOCUMENT_ADHESION/CONFEJES/document_adhesion.pdf	document_adhesion.pdf	61
133	DOCUMENTS/DOCUMENT_ADHESION/CONFEJES/coordonées_bancaire.pdf	coordonées_bancaire.pdf	61
134	DOCUMENTS/DOCUMENT_ADHESION/ICCAT/document_adhesion.pdf	document_adhesion.pdf	62
135	DOCUMENTS/DOCUMENT_ADHESION/ICCAT/coordonées_bancaire.pdf	coordonées_bancaire.pdf	62
136	DOCUMENTS/DOCUMENT_ADHESION/ACMAD/document_adhesion.pdf	document_adhesion.pdf	63
137	DOCUMENTS/DOCUMENT_ADHESION/ACMAD/coordonées_bancaire.pdf	coordonées_bancaire.pdf	63
138	DOCUMENTS/DOCUMENT_ADHESION/CPI/document_adhesion.pdf	document_adhesion.pdf	64
139	DOCUMENTS/DOCUMENT_ADHESION/CPI/coordonées_bancaire.pdf	coordonées_bancaire.pdf	64
140	DOCUMENTS/DOCUMENT_ADHESION/AFCONE/document_adhesion.pdf	document_adhesion.pdf	65
141	DOCUMENTS/DOCUMENT_ADHESION/AFCONE/coordonées_bancaire.pdf	coordonées_bancaire.pdf	65
142	DOCUMENTS/DOCUMENT_ADHESION/IDEP/document_adhesion.pdf	document_adhesion.pdf	40
143	DOCUMENTS/DOCUMENT_ADHESION/IDEP/coordonées_bancaire.pdf	coordonées_bancaire.pdf	40
144	DOCUMENTS/DOCUMENT_ADHESION/CREDAF/document_adhesion.pdf	document_adhesion.pdf	66
145	DOCUMENTS/DOCUMENT_ADHESION/CREDAF/coordonées_bancaire.pdf	coordonées_bancaire.pdf	66
146	DOCUMENTS/DOCUMENT_ADHESION/DROIT DE LA MER/document_adhesion.pdf	document_adhesion.pdf	67
147	DOCUMENTS/DOCUMENT_ADHESION/DROIT DE LA MER/coordonées_bancaire.pdf	coordonées_bancaire.pdf	67
148	DOCUMENTS/DOCUMENT_ADHESION/IOTC/document_adhesion.pdf	document_adhesion.pdf	68
149	DOCUMENTS/DOCUMENT_ADHESION/IOTC/coordonées_bancaire.pdf	coordonées_bancaire.pdf	68
150	DOCUMENTS/DOCUMENT_ADHESION/FAFOA/WATAF/document_adhesion.pdf	document_adhesion.pdf	69
151	DOCUMENTS/DOCUMENT_ADHESION/FAFOA/WATAF/coordonées_bancaire.pdf	coordonées_bancaire.pdf	69
152	DOCUMENTS/DOCUMENT_ADHESION/SESRIC/document_adhesion.pdf	document_adhesion.pdf	70
153	DOCUMENTS/DOCUMENT_ADHESION/SESRIC/coordonées_bancaire.pdf	coordonées_bancaire.pdf	70
154	DOCUMENTS/DOCUMENT_ADHESION/FAUSP/document_adhesion.pdf	document_adhesion.pdf	71
155	DOCUMENTS/DOCUMENT_ADHESION/FAUSP/coordonées_bancaire.pdf	coordonées_bancaire.pdf	71
156	DOCUMENTS/DOCUMENT_ADHESION/IRENA/document_adhesion.pdf	document_adhesion.pdf	72
157	DOCUMENTS/DOCUMENT_ADHESION/IRENA/coordonées_bancaire.pdf	coordonées_bancaire.pdf	72
158	DOCUMENTS/DOCUMENT_ADHESION/FIDA/document_adhesion.pdf	document_adhesion.pdf	73
159	DOCUMENTS/DOCUMENT_ADHESION/FIDA/coordonées_bancaire.pdf	coordonées_bancaire.pdf	73
160	DOCUMENTS/DOCUMENT_ADHESION/FINUL/document_adhesion.pdf	document_adhesion.pdf	74
161	DOCUMENTS/DOCUMENT_ADHESION/FINUL/coordonées_bancaire.pdf	coordonées_bancaire.pdf	74
162	DOCUMENTS/LETTRE/ABN/2024-ABN-.pdf	2024-ABN-.pdf	75
163	DOCUMENTS/DOCUMENT_ADHESION/MONUSCO/document_adhesion.pdf	document_adhesion.pdf	76
164	DOCUMENTS/DOCUMENT_ADHESION/MONUSCO/coordonées_bancaire.pdf	coordonées_bancaire.pdf	76
165	DOCUMENTS/DOCUMENT_ADHESION/AFRISAT/document_adhesion.pdf	document_adhesion.pdf	77
166	DOCUMENTS/DOCUMENT_ADHESION/AFRISAT/coordonées_bancaire.pdf	coordonées_bancaire.pdf	77
167	DOCUMENTS/DOCUMENT_ADHESION/AIFI/document_adhesion.pdf	document_adhesion.pdf	78
168	DOCUMENTS/DOCUMENT_ADHESION/AIFI/coordonées_bancaire.pdf	coordonées_bancaire.pdf	78
169	DOCUMENTS/DOCUMENT_ADHESION/AFRISAT/document_adhesion.pdf	document_adhesion.pdf	77
170	DOCUMENTS/DOCUMENT_ADHESION/AFRISAT/coordonées_bancaire.pdf	coordonées_bancaire.pdf	77
171	DOCUMENTS/DOCUMENT_ADHESION/FNUOD/document_adhesion.pdf	document_adhesion.pdf	79
172	DOCUMENTS/DOCUMENT_ADHESION/FNUOD/coordonées_bancaire.pdf	coordonées_bancaire.pdf	79
173	DOCUMENTS/DOCUMENT_ADHESION/CONVENTION DE MINAMATA SUR LE MERCURE/document_adhesion.pdf	document_adhesion.pdf	80
174	DOCUMENTS/DOCUMENT_ADHESION/CONVENTION DE MINAMATA SUR LE MERCURE/coordonées_bancaire.pdf	coordonées_bancaire.pdf	80
175	DOCUMENTS/DOCUMENT_ADHESION/Afritac/document_adhesion.pdf	document_adhesion.pdf	81
176	DOCUMENTS/DOCUMENT_ADHESION/Afritac/coordonées_bancaire.pdf	coordonées_bancaire.pdf	81
177	DOCUMENTS/DOCUMENT_ADHESION/Afritac/document_adhesion.pdf	document_adhesion.pdf	81
178	DOCUMENTS/DOCUMENT_ADHESION/Afritac/coordonées_bancaire.pdf	coordonées_bancaire.pdf	81
179	DOCUMENTS/DOCUMENT_ADHESION/Afritac/document_adhesion.pdf	document_adhesion.pdf	81
180	DOCUMENTS/DOCUMENT_ADHESION/Afritac/coordonées_bancaire.pdf	coordonées_bancaire.pdf	81
181	DOCUMENTS/DOCUMENT_ADHESION/OEACP/document_adhesion.pdf	document_adhesion.pdf	82
182	DOCUMENTS/DOCUMENT_ADHESION/OEACP/coordonées_bancaire.pdf	coordonées_bancaire.pdf	82
183	DOCUMENTS/LETTRE/IRENA/2024-IRENA-.pdf	2024-IRENA-.pdf	83
184	DOCUMENTS/DOCUMENT_ADHESION/AMCOMET/document_adhesion.pdf	document_adhesion.pdf	84
185	DOCUMENTS/DOCUMENT_ADHESION/AMCOMET/coordonées_bancaire.pdf	coordonées_bancaire.pdf	84
186	DOCUMENTS/LETTRE/ISA/2024-ISA-.pdf	2024-ISA-.pdf	85
187	DOCUMENTS/LETTRE/AIST/2024-AIST-.pdf	2024-AIST-.pdf	86
188	DOCUMENTS/DOCUMENT_ADHESION/OHADA/document_adhesion.pdf	document_adhesion.pdf	87
189	DOCUMENTS/DOCUMENT_ADHESION/OHADA/coordonées_bancaire.pdf	coordonées_bancaire.pdf	87
190	DOCUMENTS/LETTRE/ACMAD/2024-ACMAD-.pdf	2024-ACMAD-.pdf	88
191	DOCUMENTS/LETTRE/CREDAF/2024-CREDAF-.pdf	2024-CREDAF-.pdf	89
192	DOCUMENTS/LETTRE/CRADAT/2024-CRADAT-.pdf	2024-CRADAT-.pdf	90
193	DOCUMENTS/LETTRE/AMCOMET/2024-AMCOMET-.pdf	2024-AMCOMET-.pdf	91
194	DOCUMENTS/LETTRE/CONFEJES/2024-CONFEJES-.pdf	2024-CONFEJES-.pdf	92
195	DOCUMENTS/LETTRE/COMAHAFAT/2024-COMAHAFAT-.pdf	2024-COMAHAFAT-.pdf	93
196	DOCUMENTS/LETTRE/CODEPA/2024-CODEPA-.pdf	2024-CODEPA-.pdf	94
197	DOCUMENTS/LETTRE/AFCONE/2024-AFCONE-.pdf	2024-AFCONE-.pdf	95
198	DOCUMENTS/LETTRE/IOTC/2024-IOTC-.pdf	2024-IOTC-.pdf	96
199	DOCUMENTS/LETTRE/UA/2024-UA-.pdf	2024-UA-.pdf	97
200	DOCUMENTS/LETTRE/CSRP/2024-CSRP-.pdf	2024-CSRP-.pdf	98
201	DOCUMENTS/LETTRE/ICCAT/2024-ICCAT-.pdf	2024-ICCAT-.pdf	99
202	DOCUMENTS/LETTRE/IOTC/2024-IOTC-.pdf	2024-IOTC-.pdf	96
203	DOCUMENTS/LETTRE/CEN-SAD/2024-CEN-SAD-.pdf	2024-CEN-SAD-.pdf	100
204	DOCUMENTS/LETTRE/CEDEAO/2024-CEDEAO-.pdf	2024-CEDEAO-.pdf	101
205	DOCUMENTS/LETTRE/CAMES/2024-CAMES-.pdf	2024-CAMES-.pdf	21
206	DOCUMENTS/LETTRE/CNULCD/2024-CNULCD-.pdf	2024-CNULCD-.pdf	102
207	DOCUMENTS/LETTRE/CITES/2024-CITES-.pdf	2024-CITES-.pdf	103
208	DOCUMENTS/LETTRE/FSA/2024-FSA-.pdf	2024-FSA-.pdf	104
209	DOCUMENTS/LETTRE/UNFPA/2024-UNFPA-.pdf	2024-UNFPA-.pdf	105
210	DOCUMENTS/LETTRE/FAUSP/2024-FAUSP-.pdf	2024-FAUSP-.pdf	106
211	DOCUMENTS/LETTRE/CPI/2024-CPI-.pdf	2024-CPI-.pdf	107
212	DOCUMENTS/LETTRE/FIDA/2024-FIDA-.pdf	2024-FIDA-.pdf	108
213	DOCUMENTS/LETTRE/KARANTA/2024-KARANTA-.pdf	2024-KARANTA-.pdf	109
214	DOCUMENTS/LETTRE/FINUL/2024-FINUL-.pdf	2024-FINUL-.pdf	110
215	DOCUMENTS/LETTRE/G77/2024-G77-.pdf	2024-G77-.pdf	111
216	DOCUMENTS/LETTRE/IFA/2024-IFA-.pdf	2024-IFA-.pdf	112
217	DOCUMENTS/LETTRE/2IE/2024-2IE-.pdf	2024-2IE-.pdf	113
218	DOCUMENTS/LETTRE/AFRISAT/2024-AFRISAT-.pdf	2024-AFRISAT-.pdf	114
219	DOCUMENTS/LETTRE/MONUSCO/2024-MONUSCO-.pdf	2024-MONUSCO-.pdf	115
220	DOCUMENTS/LETTRE/AIFI/2024-AIFI-.pdf	2024-AIFI-.pdf	116
221	DOCUMENTS/LETTRE/SESRIC/2024-SESRIC-.pdf	2024-SESRIC-.pdf	117
222	DOCUMENTS/LETTRE/ONU/2024-ONU-.pdf	2024-ONU-.pdf	118
223	DOCUMENTS/LETTRE/FAO/2024-FAO-.pdf	2024-FAO-.pdf	119
224	DOCUMENTS/DOCUMENT_ADHESION/OMVS/document_adhesion.pdf	document_adhesion.pdf	120
225	DOCUMENTS/DOCUMENT_ADHESION/OMVS/coordonées_bancaire.pdf	coordonées_bancaire.pdf	120
226	DOCUMENTS/DOCUMENT_ADHESION/OMD/document_adhesion.pdf	document_adhesion.pdf	121
227	DOCUMENTS/DOCUMENT_ADHESION/OMD/coordonées_bancaire.pdf	coordonées_bancaire.pdf	121
228	DOCUMENTS/DOCUMENT_ADHESION/OMI/document_adhesion.pdf	document_adhesion.pdf	122
229	DOCUMENTS/DOCUMENT_ADHESION/OMI/coordonées_bancaire.pdf	coordonées_bancaire.pdf	122
230	DOCUMENTS/DOCUMENT_ADHESION/OCDE/document_adhesion.pdf	document_adhesion.pdf	123
231	DOCUMENTS/DOCUMENT_ADHESION/OCDE/coordonées_bancaire.pdf	coordonées_bancaire.pdf	123
232	DOCUMENTS/DOCUMENT_ADHESION/ORAN/document_adhesion.pdf	document_adhesion.pdf	124
233	DOCUMENTS/DOCUMENT_ADHESION/ORAN/coordonées_bancaire.pdf	coordonées_bancaire.pdf	124
234	DOCUMENTS/DOCUMENT_ADHESION/OCDE/document_adhesion.pdf	document_adhesion.pdf	123
235	DOCUMENTS/DOCUMENT_ADHESION/OCDE/coordonées_bancaire.pdf	coordonées_bancaire.pdf	123
236	DOCUMENTS/DOCUMENT_ADHESION/CONFEMEN/document_adhesion.pdf	document_adhesion.pdf	125
237	DOCUMENTS/DOCUMENT_ADHESION/CONFEMEN/coordonées_bancaire.pdf	coordonées_bancaire.pdf	125
238	DOCUMENTS/DOCUMENT_ADHESION/OMI/document_adhesion.pdf	document_adhesion.pdf	122
239	DOCUMENTS/DOCUMENT_ADHESION/OMI/coordonées_bancaire.pdf	coordonées_bancaire.pdf	122
240	DOCUMENTS/DOCUMENT_ADHESION/AFSEC/document_adhesion.pdf	document_adhesion.pdf	126
241	DOCUMENTS/DOCUMENT_ADHESION/AFSEC/coordonées_bancaire.pdf	coordonées_bancaire.pdf	126
242	DOCUMENTS/DOCUMENT_ADHESION/Afritac/document_adhesion.pdf	document_adhesion.pdf	81
243	DOCUMENTS/DOCUMENT_ADHESION/Afritac/coordonées_bancaire.pdf	coordonées_bancaire.pdf	81
244	DOCUMENTS/DOCUMENT_ADHESION/Afritac/document_adhesion.pdf	document_adhesion.pdf	81
245	DOCUMENTS/DOCUMENT_ADHESION/Afritac/coordonées_bancaire.pdf	coordonées_bancaire.pdf	81
246	DOCUMENTS/DOCUMENT_ADHESION/OCDE/document_adhesion.pdf	document_adhesion.pdf	123
247	DOCUMENTS/DOCUMENT_ADHESION/OCDE/coordonées_bancaire.pdf	coordonées_bancaire.pdf	123
248	DOCUMENTS/DOCUMENT_ADHESION/CTBTO/document_adhesion.pdf	document_adhesion.pdf	127
249	DOCUMENTS/DOCUMENT_ADHESION/CTBTO/coordonées_bancaire.pdf	coordonées_bancaire.pdf	127
250	DOCUMENTS/DOCUMENT_ADHESION/ORAN/document_adhesion.pdf	document_adhesion.pdf	124
251	DOCUMENTS/DOCUMENT_ADHESION/ORAN/coordonées_bancaire.pdf	coordonées_bancaire.pdf	124
252	DOCUMENTS/DOCUMENT_ADHESION/UNA/document_adhesion.pdf	document_adhesion.pdf	128
253	DOCUMENTS/DOCUMENT_ADHESION/UNA/coordonées_bancaire.pdf	coordonées_bancaire.pdf	128
254	DOCUMENTS/DOCUMENT_ADHESION/BIE/document_adhesion.pdf	document_adhesion.pdf	129
255	DOCUMENTS/DOCUMENT_ADHESION/BIE/coordonées_bancaire.pdf	coordonées_bancaire.pdf	129
256	DOCUMENTS/DOCUMENT_ADHESION/CIDC/document_adhesion.pdf	document_adhesion.pdf	130
257	DOCUMENTS/DOCUMENT_ADHESION/CIDC/coordonées_bancaire.pdf	coordonées_bancaire.pdf	130
258	DOCUMENTS/DOCUMENT_ADHESION/CIMM/document_adhesion.pdf	document_adhesion.pdf	131
259	DOCUMENTS/DOCUMENT_ADHESION/CIMM/coordonées_bancaire.pdf	coordonées_bancaire.pdf	131
260	DOCUMENTS/DOCUMENT_ADHESION/SOGEOH/document_adhesion.pdf	document_adhesion.pdf	132
261	DOCUMENTS/DOCUMENT_ADHESION/SOGEOH/coordonées_bancaire.pdf	coordonées_bancaire.pdf	132
262	DOCUMENTS/DOCUMENT_ADHESION/RFN/document_adhesion.pdf	document_adhesion.pdf	133
263	DOCUMENTS/DOCUMENT_ADHESION/RFN/coordonées_bancaire.pdf	coordonées_bancaire.pdf	133
264	DOCUMENTS/DOCUMENT_ADHESION/BWC/document_adhesion.pdf	document_adhesion.pdf	134
265	DOCUMENTS/DOCUMENT_ADHESION/BWC/coordonées_bancaire.pdf	coordonées_bancaire.pdf	134
266	DOCUMENTS/DOCUMENT_ADHESION/ITIE/document_adhesion.pdf	document_adhesion.pdf	135
267	DOCUMENTS/DOCUMENT_ADHESION/ITIE/coordonées_bancaire.pdf	coordonées_bancaire.pdf	135
268	DOCUMENTS/DOCUMENT_ADHESION/OEACP/document_adhesion.pdf	document_adhesion.pdf	82
269	DOCUMENTS/DOCUMENT_ADHESION/OEACP/coordonées_bancaire.pdf	coordonées_bancaire.pdf	82
270	DOCUMENTS/DOCUMENT_ADHESION/OICS/document_adhesion.pdf	document_adhesion.pdf	136
271	DOCUMENTS/DOCUMENT_ADHESION/OICS/coordonées_bancaire.pdf	coordonées_bancaire.pdf	136
272	DOCUMENTS/DOCUMENT_ADHESION/OICS/document_adhesion.pdf	document_adhesion.pdf	136
273	DOCUMENTS/DOCUMENT_ADHESION/OICS/coordonées_bancaire.pdf	coordonées_bancaire.pdf	136
274	DOCUMENTS/DOCUMENT_ADHESION/OICS/document_adhesion.pdf	document_adhesion.pdf	136
275	DOCUMENTS/DOCUMENT_ADHESION/OICS/coordonées_bancaire.pdf	coordonées_bancaire.pdf	136
276	DOCUMENTS/DOCUMENT_ADHESION/OICS/document_adhesion.pdf	document_adhesion.pdf	136
277	DOCUMENTS/DOCUMENT_ADHESION/OICS/coordonées_bancaire.pdf	coordonées_bancaire.pdf	136
278	DOCUMENTS/DOCUMENT_ADHESION/PNUE/document_adhesion.pdf	document_adhesion.pdf	137
279	DOCUMENTS/DOCUMENT_ADHESION/PNUE/coordonées_bancaire.pdf	coordonées_bancaire.pdf	137
280	DOCUMENTS/DOCUMENT_ADHESION/RCEEDAO/document_adhesion.pdf	document_adhesion.pdf	138
281	DOCUMENTS/DOCUMENT_ADHESION/RCEEDAO/coordonées_bancaire.pdf	coordonées_bancaire.pdf	138
282	DOCUMENTS/DOCUMENT_ADHESION/RFN/document_adhesion.pdf	document_adhesion.pdf	133
283	DOCUMENTS/DOCUMENT_ADHESION/RFN/coordonées_bancaire.pdf	coordonées_bancaire.pdf	133
284	DOCUMENTS/DOCUMENT_ADHESION/UIT/document_adhesion.pdf	document_adhesion.pdf	139
285	DOCUMENTS/DOCUMENT_ADHESION/UIT/coordonées_bancaire.pdf	coordonées_bancaire.pdf	139
286	DOCUMENTS/DOCUMENT_ADHESION/UNAFRI/document_adhesion.pdf	document_adhesion.pdf	140
287	DOCUMENTS/DOCUMENT_ADHESION/UNAFRI/coordonées_bancaire.pdf	coordonées_bancaire.pdf	140
288	DOCUMENTS/DOCUMENT_ADHESION/OCDE/document_adhesion.pdf	document_adhesion.pdf	123
289	DOCUMENTS/DOCUMENT_ADHESION/OCDE/coordonées_bancaire.pdf	coordonées_bancaire.pdf	123
290	DOCUMENTS/DOCUMENT_ADHESION/NUD/document_adhesion.pdf	document_adhesion.pdf	141
291	DOCUMENTS/DOCUMENT_ADHESION/NUD/coordonées_bancaire.pdf	coordonées_bancaire.pdf	141
292	DOCUMENTS/DOCUMENT_ADHESION/CIMM/document_adhesion.pdf	document_adhesion.pdf	131
293	DOCUMENTS/DOCUMENT_ADHESION/CIMM/coordonées_bancaire.pdf	coordonées_bancaire.pdf	131
294	DOCUMENTS/DOCUMENT_ADHESION/CONSEIL DE L'EUROPE/document_adhesion.pdf	document_adhesion.pdf	142
295	DOCUMENTS/DOCUMENT_ADHESION/CONSEIL DE L'EUROPE/coordonées_bancaire.pdf	coordonées_bancaire.pdf	142
\.


--
-- Data for Name: lettre; Type: TABLE DATA; Schema: public; Owner: user_contribution
--

COPY public.lettre (id, date, document, expediteur_id, organisation_id, exercice_id) FROM stdin;
2	2023-10-12 13:14:24.7004+02	DOCUMENTS/LETTRE/INTERPOL/2023-INTERPOL-.pdf	05	06	2023
4	2023-10-16 18:12:58.683242+02	DOCUMENTS/LETTRE/UFM/2023-UFM-.pdf	36	07	2023
5	2023-10-20 14:17:04.146009+02	DOCUMENTS/LETTRE/INTERPOL/2023-INTERPOL-.pdf	05	06	2023
7	2023-10-20 14:43:42.380398+02	DOCUMENTS/LETTRE/CAMES/2023-CAMES-.pdf	34	02	2023
8	2024-03-28 13:17:37.088536+01	DOCUMENTS/LETTRE/UFM/2024-UFM-.pdf	36	07	2024
9	2024-03-28 13:27:06.489607+01	DOCUMENTS/LETTRE/OIT/2024-OIT-.pdf	10	04	2024
10	2024-03-29 12:47:43.967361+01	DOCUMENTS/LETTRE/ABN/2024-ABN-.pdf	36	05	2024
11	2024-03-29 14:15:46.12269+01	DOCUMENTS/LETTRE/IRENA/2024-IRENA-.pdf	07	50	2024
12	2024-03-29 14:20:03.557593+01	DOCUMENTS/LETTRE/ISA/2024-ISA-.pdf	36	14	2024
13	2024-03-29 14:22:41.295835+01	DOCUMENTS/LETTRE/AIST/2024-AIST-.pdf	09	13	2024
14	2024-03-29 15:32:52.655781+01	DOCUMENTS/LETTRE/ACMAD/2024-ACMAD-.pdf	32	40	2024
15	2024-03-29 15:41:30.94858+01	DOCUMENTS/LETTRE/CREDAF/2024-CREDAF-.pdf	64	44	2024
16	2024-03-29 15:43:16.100768+01	DOCUMENTS/LETTRE/CRADAT/2024-CRADAT-.pdf	10	18	2024
17	2024-03-29 15:44:53.682297+01	DOCUMENTS/LETTRE/AMCOMET/2024-AMCOMET-.pdf	32	62	2024
18	2024-03-29 15:46:43.394721+01	DOCUMENTS/LETTRE/CONFEJES/2024-CONFEJES-.pdf	23	38	2024
19	2024-03-29 15:48:15.175305+01	DOCUMENTS/LETTRE/COMAHAFAT/2024-COMAHAFAT-.pdf	12	31	2024
20	2024-03-29 15:50:40.43655+01	DOCUMENTS/LETTRE/CODEPA/2024-CODEPA-.pdf	17	12	2024
21	2024-03-29 15:55:18.4615+01	DOCUMENTS/LETTRE/AFCONE/2024-AFCONE-.pdf	36	42	2024
22	2024-03-29 15:57:30.64675+01	DOCUMENTS/LETTRE/IOTC/2024-IOTC-.pdf	12	46	2024
23	2024-03-29 16:24:58.374575+01	DOCUMENTS/LETTRE/UA/2024-UA-.pdf	07	09	2024
24	2024-03-29 16:37:56.071661+01	DOCUMENTS/LETTRE/CSRP/2024-CSRP-.pdf	12	16	2024
25	2024-03-29 16:40:03.784775+01	DOCUMENTS/LETTRE/ICCAT/2024-ICCAT-.pdf	12	39	2024
26	2024-03-29 16:49:43.746493+01	DOCUMENTS/LETTRE/IOTC/2024-IOTC-.pdf	12	46	2024
27	2024-03-29 16:53:17.75544+01	DOCUMENTS/LETTRE/CEN-SAD/2024-CEN-SAD-.pdf	07	15	2024
28	2024-03-29 16:55:27.352239+01	DOCUMENTS/LETTRE/CEDEAO/2024-CEDEAO-.pdf	04	01	2024
29	2024-03-29 16:56:41.901668+01	DOCUMENTS/LETTRE/CAMES/2024-CAMES-.pdf	34	02	2024
30	2024-03-29 17:00:38.30922+01	DOCUMENTS/LETTRE/CNULCD/2024-CNULCD-.pdf	31	35	2024
31	2024-03-29 17:01:50.12588+01	DOCUMENTS/LETTRE/CITES/2024-CITES-.pdf	31	33	2024
32	2024-03-29 17:06:14.745268+01	DOCUMENTS/LETTRE/FSA/2024-FSA-.pdf	09	34	2024
33	2024-03-29 17:07:13.217582+01	DOCUMENTS/LETTRE/UNFPA/2024-UNFPA-.pdf	18	32	2024
34	2024-03-29 17:09:31.867732+01	DOCUMENTS/LETTRE/FAUSP/2024-FAUSP-.pdf	18	49	2024
35	2024-03-29 17:10:28.31648+01	DOCUMENTS/LETTRE/CPI/2024-CPI-.pdf	06	41	2024
36	2024-03-29 17:11:58.600316+01	DOCUMENTS/LETTRE/FIDA/2024-FIDA-.pdf	11	51	2024
37	2024-03-29 17:15:05.720721+01	DOCUMENTS/LETTRE/KARANTA/2024-KARANTA-.pdf	20	19	2024
38	2024-03-29 17:15:55.930786+01	DOCUMENTS/LETTRE/FINUL/2024-FINUL-.pdf	07	52	2024
39	2024-03-29 17:20:56.053711+01	DOCUMENTS/LETTRE/G77/2024-G77-.pdf	07	37	2024
40	2024-03-29 17:23:42.971101+01	DOCUMENTS/LETTRE/IFA/2024-IFA-.pdf	09	10	2024
41	2024-03-29 17:26:10.420863+01	DOCUMENTS/LETTRE/2IE/2024-2IE-.pdf	34	36	2024
42	2024-03-29 17:31:53.099332+01	DOCUMENTS/LETTRE/AFRISAT/2024-AFRISAT-.pdf	08	55	2024
43	2024-03-29 17:33:25.231014+01	DOCUMENTS/LETTRE/MONUSCO/2024-MONUSCO-.pdf	07	53	2024
44	2024-03-29 17:36:56.06345+01	DOCUMENTS/LETTRE/AIFI/2024-AIFI-.pdf	16	54	2024
45	2024-03-29 17:39:04.823191+01	DOCUMENTS/LETTRE/SESRIC/2024-SESRIC-.pdf	07	48	2024
46	2024-03-29 17:41:52.848636+01	DOCUMENTS/LETTRE/ONU/2024-ONU-.pdf	07	26	2024
47	2024-04-02 11:17:04.166889+02	DOCUMENTS/LETTRE/FAO/2024-FAO-.pdf	11	03	2024
\.


--
-- Data for Name: ligne_globale; Type: TABLE DATA; Schema: public; Owner: user_contribution
--

COPY public.ligne_globale (id, credit_disponible, credit_actuel, exercice_id, credit_lfi, credit_lfr) FROM stdin;
2	70000000000	70000000000	2023	27391837000	34495433000
6	39348241000	40000000000	2024	40000000000	\N
\.


--
-- Data for Name: mouchard; Type: TABLE DATA; Schema: public; Owner: user_contribution
--

COPY public.mouchard (id, operation, nom_table, nom_colonne, cle_avant, cle_apres, "user", valeur_avant, valeur_apres, created_at) FROM stdin;
1	MODIFICATION	USERS	GROUPE	08ce9a6f-e791-43fc-bbac-df4dbec96197	08ce9a6f-e791-43fc-bbac-df4dbec96197	administrateur	agent	adm	2023-10-05 17:00:27.747863+02
2	MODIFICATION	USERS	GROUPE	08ce9a6f-e791-43fc-bbac-df4dbec96197	08ce9a6f-e791-43fc-bbac-df4dbec96197	administrateur	agent	adm	2023-10-05 17:01:48.356645+02
3	MODIFICATION	USERS	GROUPE	7fc25ab1-9bb9-4839-84d1-01f08bb91b70	7fc25ab1-9bb9-4839-84d1-01f08bb91b70	administrateur	daf	chefequipe	2023-10-07 09:47:12.298195+02
4	MODIFICATION	USERS	GROUPE	7fc25ab1-9bb9-4839-84d1-01f08bb91b70	7fc25ab1-9bb9-4839-84d1-01f08bb91b70	administrateur	daf	chefequipe	2023-10-07 09:47:12.299945+02
5	MODIFICATION	USERS	GROUPE	08ce9a6f-e791-43fc-bbac-df4dbec96197	08ce9a6f-e791-43fc-bbac-df4dbec96197	administrateur	adm	chefequipe	2023-10-07 22:28:11.524298+02
6	MODIFICATION	USERS	GROUPE	08ce9a6f-e791-43fc-bbac-df4dbec96197	08ce9a6f-e791-43fc-bbac-df4dbec96197	administrateur	adm	chefequipe	2023-10-07 22:28:11.52602+02
7	MODIFICATION	TUTELLE	email	20	20	causarettee@gmail.com	ambaguidak@gmail.com	contact@mepua.gov.gn	2023-11-09 14:37:54.592099+01
8	MODIFICATION	TUTELLE	tuelle	20	20	causarettee@gmail.com	+221338248606	+224620000000	2023-11-09 14:37:54.593587+01
9	MODIFICATION	ORGANISATION	siege	23	23	causarettee@gmail.com	Addis Abeba	Dakar	2024-01-29 16:29:36.867117+01
10	MODIFICATION	TUTELLE	libelle	07	07	feugeneyomalo@gmail.com	Ministère des Affaires Etrangères, de l'Integration Africaine et des Guinéens de l'Etrangers	Ministère des Affaires Etrangères	2024-02-05 16:55:51.129495+01
11	MODIFICATION	TUTELLE	libelle	032	032	alhassanesoumah290@gmail.com	Centre Africain pour les Applications de la Météorologie au Developpement	Ministère des Transports	2024-03-05 16:35:26.257238+01
12	MODIFICATION	TUTELLE	libelle	018	018	alhassanesoumah290@gmail.com	Bureau International des Expositions	Ministere de la Sante	2024-03-05 16:38:28.980066+01
13	MODIFICATION	TUTELLE	libelle	031	031	alhassanesoumah290@gmail.com	Alliance pour le Biodigesteur en Afrique de l'Ouest et du Centre	Ministere de l'Environnement des Eaux et Forets	2024-03-05 16:39:18.097943+01
14	MODIFICATION	TUTELLE	libelle	036	036	alhassanesoumah290@gmail.com	Agence Internationale de l'Energie Renouvelable	Ministere de l'Energie et de l'Hydraulique	2024-03-05 16:40:03.847719+01
15	MODIFICATION	TUTELLE	libelle	010	010	feugeneyomalo@gmail.com	Ministere De La Fonction Publique, De La Reforme De L'Etat Et De La Modernisation De L'Administration	Ministère du Travail et de la Fonction Publique	2024-03-25 13:42:49.694718+01
16	MODIFICATION	TUTELLE	libelle	37	37	feugeneyomalo@gmail.com	Ministere Des Postes, Telecommunications Et De L'Economie Numerique	Ministère Des Postes, Télécommunications Et De L'Economie Numérique	2024-03-27 16:40:55.458284+01
17	MODIFICATION	TUTELLE	email	37	37	feugeneyomalo@gmail.com	contact@mpten.gov.gn	feugeneyomalo@gmail.com	2024-03-27 16:40:55.459736+01
18	MODIFICATION	TUTELLE	tuelle	37	37	feugeneyomalo@gmail.com	+224663110011	feugeneyomalo@gmail.com	2024-03-27 16:40:55.460529+01
19	MODIFICATION	ORGANISATION	nom	38	38	feugeneyomalo@gmail.com	CONFERENCE DES MINISTRES DE LA JEUNESSE ET DES SPORTS DE LA FRANCOPHONIE	Conférence des Ministres de la Jeunesse et des Sports de la Francophonie	2024-03-29 14:37:33.419966+01
20	MODIFICATION	ORGANISATION	nom	33	33	feugeneyomalo@gmail.com	CONVENTION SUR LE COMMERCE INTERNATIONAL DES ESPECES DE FAUNE ET FLORE SAUVAGES MENACEES D'EXTINCTION	Convention sur le Commerce International des Espèces de Faune et Flores Sauvages Menaces d'Extension	2024-03-29 14:39:24.445609+01
21	MODIFICATION	ORGANISATION	nom	54	54	feugeneyomalo@gmail.com	ACADEMIE INTERNATIONALE DU FIQH ISLAMIQUE	Académie Internationale du Fiqh Islamique	2024-03-29 14:40:29.894429+01
22	MODIFICATION	ORGANISATION	nom	35	35	feugeneyomalo@gmail.com	CONVENTION DES NATIONS UNIES SUR LA LUTTE CONTRE LA DESERTIFICATION	Convention des Nations Unies sur  la Lutte Contre la Désertification	2024-03-29 14:42:15.588991+01
23	MODIFICATION	ORGANISATION	nom	22	22	causarettee@gmail.com	Alliance pour le Biodigesteur en Afrique de l'Ouest	Alliance pour le Biodigesteur en Afrique de l'Ouest et du centre	2024-04-02 12:46:32.740059+02
24	MODIFICATION	ORGANISATION	nom	41	41	feugeneyomalo@gmail.com	COUR PENALE INTERNATIONALE	Cour Pénal Internationale	2024-04-03 09:43:26.092566+02
25	MODIFICATION	ORGANISATION	nom	45	45	feugeneyomalo@gmail.com	DROIT DE LA MER	Droit de la Mer	2024-04-03 09:44:14.073367+02
26	MODIFICATION	ORGANISATION	nom	47	47	feugeneyomalo@gmail.com	FORUM DES ADMINISTRATIONS FISCALES OUEST AFRICAINES	Forum des Administrations Fiscales Ouest Africaines	2024-04-03 09:45:16.131455+02
27	MODIFICATION	ORGANISATION	nom	44	44	feugeneyomalo@gmail.com	CERCLE DE REFLEXION ET D'ECHANGE DES DIRIGEANTS DES ADMINISTRATIONS FISCALES	Cercle de Réflexion et d'Echanges des Dirigeants des Administration Fiscales	2024-04-03 09:46:51.722064+02
28	MODIFICATION	ORGANISATION	nom	49	49	feugeneyomalo@gmail.com	FOND AFRICAIN POUR LES URGENCES DE SANTE PUBLIQUE	Fond Africain pour les Urgences de Santé Publique	2024-04-03 09:47:45.510175+02
29	MODIFICATION	ORGANISATION	nom	51	51	feugeneyomalo@gmail.com	FONDS INTERNATIONAL DE DEVELOPPEMENT POUR L'AGRICULTURE	Fonds International de Développement Pour  L'Agriculture	2024-04-03 09:48:30.759634+02
30	MODIFICATION	ORGANISATION	nom	52	52	feugeneyomalo@gmail.com	FORCE INTERMEDIAIREDES NATIONS UNIES AU LIBAN	Force Intermédiaire des Nations Unies Au Liban	2024-04-03 09:49:18.529297+02
31	MODIFICATION	ORGANISATION	nom	56	56	feugeneyomalo@gmail.com	FINANCEMENT DE LA FORCE DES NATIONS UNIES CHARGE D'OBSERVER LE DESENCGAGEMENT	Financement de la Force des Nations Unies Chargé d'Observer le Desengagement	2024-04-03 09:50:30.987776+02
32	MODIFICATION	USERS	GROUPE	f602728d-948e-4499-a721-5f7e9dbbac51	f602728d-948e-4499-a721-5f7e9dbbac51	administrateur	adm	chefequipe	2024-04-03 09:58:14.846638+02
\.


--
-- Data for Name: notification; Type: TABLE DATA; Schema: public; Owner: user_contribution
--

COPY public.notification (id, type, flag_envoye, date_envoi, data, created_at, destinateur) FROM stdin;
753fa72b-803c-4d95-adb3-47113e46a8c7	mail	t	2023-09-28 11:37:37.009786+02	{"source": "\\"Ministère des Affaires Etrangères\\" <noreply.econtrib@gmail.com>", "context": {"nom": "Soua Doré", "password": "N1FWRYRC", "matricule": "feugeneyomalo@gmail.com"}, "subject": "[Econtrib] Création de compte", "template": "email/creation_compte.html", "destinataire": "feugeneyomalo@gmail.com"}	2023-09-28 11:37:37.010339+02	feugeneyomalo@gmail.com
33094695-e870-47ad-8521-0c49eaa5650f	mail	t	2023-10-03 12:43:28.024351+02	{"source": "\\"Ministère des Affaires Etrangères\\" <noreply.econtrib@gmail.com>", "context": {"nom": "Soua Doré", "password": "AVE3HM2L", "matricule": "feugeneyomalo@gmail.com"}, "subject": "[Econtrib] Réinitialisation mot de passe", "template": "email/reinitialisation_compte.html", "destinataire": "feugeneyomalo@gmail.com"}	2023-10-03 12:43:28.024733+02	feugeneyomalo@gmail.com
97c3f544-62e1-40bb-8a78-bd49a8959eb8	mail	t	2023-10-03 13:55:54.14406+02	{"source": "\\"Ministère des Affaires Etrangères\\" <noreply.econtrib@gmail.com>", "context": {"nom": "agent daf", "password": "3L77XSYE", "matricule": "agent@contrib.com"}, "subject": "[Econtrib] Création de compte", "template": "email/creation_compte.html", "destinataire": "agent@contrib.com"}	2023-10-03 13:55:54.144648+02	agent@contrib.com
971a6591-0a9e-4df4-ba6a-5507fdee34ab	mail	t	2023-10-03 14:03:32.963959+02	{"source": "\\"Ministère des Affaires Etrangères\\" <noreply.econtrib@gmail.com>", "context": {"nom": "Fatoumata Touré", "password": "YMHACWWJ", "matricule": "enseignementsuperieur@contrib.com"}, "subject": "[Econtrib] Création de compte", "template": "email/creation_compte.html", "destinataire": "enseignementsuperieur@contrib.com"}	2023-10-03 14:03:32.964495+02	enseignementsuperieur@contrib.com
b31fefca-7a2a-4da9-80e2-f149c7c892fb	mail	t	2023-10-03 14:04:43.755648+02	{"source": "\\"Ministère des Affaires Etrangères\\" <noreply.econtrib@gmail.com>", "context": {"nom": "Philip  Kourouma", "password": "QQYYKAUV", "matricule": "dgrm@contrib.com"}, "subject": "[Econtrib] Création de compte", "template": "email/creation_compte.html", "destinataire": "dgrm@contrib.com"}	2023-10-03 14:04:43.756337+02	dgrm@contrib.com
1aae7cb5-6f2e-48ec-bb51-e8fac4c36e36	mail	t	2023-10-03 14:10:40.023377+02	{"source": "\\"Ministère des Affaires Etrangères\\" <noreply.econtrib@gmail.com>", "context": {"nom": "Tiguidanké Baldé", "password": "VVXUE5Q2", "matricule": "admin@econtrib.com"}, "subject": "[Econtrib] Création de compte", "template": "email/creation_compte.html", "destinataire": "admin@econtrib.com"}	2023-10-03 14:10:40.023905+02	admin@econtrib.com
9e6d7a62-ee9d-4ec5-80b3-bb7befa1085d	mail	t	2023-10-05 16:50:19.097971+02	{"source": "\\"Ministère des Affaires Etrangères\\" <noreply.econtrib@gmail.com>", "context": {"nom": "Fatoumata Elisa Camara", "password": "KTWAVTA1", "matricule": "causarettee@gmail.com"}, "subject": "[Econtrib] Création de compte", "template": "email/creation_compte.html", "destinataire": "causarettee@gmail.com"}	2023-10-05 16:50:19.098652+02	causarettee@gmail.com
0aed2395-a2c5-4761-a4ca-022887ceebd0	mail	t	2023-10-05 17:00:06.83196+02	{"source": "\\"Ministère des Affaires Etrangères\\" <noreply.econtrib@gmail.com>", "context": {"nom": "Salématou Koumbassa", "password": "EDR5CORJ", "matricule": "koumbassasalematou9@gmail.com"}, "subject": "[Econtrib] Création de compte", "template": "email/creation_compte.html", "destinataire": "koumbassasalematou9@gmail.com"}	2023-10-05 17:00:06.832445+02	koumbassasalematou9@gmail.com
8518720b-259d-42e8-ba3b-0f9a1138189b	mail	t	2023-10-06 21:43:39.386495+02	{"source": "\\"Ministère des Affaires Etrangères\\" <noreply.econtrib@gmail.com>", "context": {"nom": "Soua Doré", "password": "EXMG9IA9", "matricule": "feugeneyomalo@gmail.com"}, "subject": "[Econtrib] Réinitialisation mot de passe", "template": "email/reinitialisation_compte.html", "destinataire": "feugeneyomalo@gmail.com"}	2023-10-06 21:43:39.387194+02	feugeneyomalo@gmail.com
df5f0af8-5225-48eb-a3d6-afd81bc429f9	mail	t	2023-10-06 21:48:18.177767+02	{"source": "\\"Ministère des Affaires Etrangères\\" <noreply.econtrib@gmail.com>", "context": {"nom": "Administrateur Yom", "password": "09KJ6QWI", "matricule": "feugeneyom1@gmail.com"}, "subject": "[Econtrib] Réinitialisation mot de passe", "template": "email/reinitialisation_compte.html", "destinataire": "feugeneyom1@gmail.com"}	2023-10-06 21:48:18.178421+02	administrateur
fef7afab-2339-4d4a-b143-53be4b38c4fd	mail	t	2023-10-07 22:37:38.35051+02	{"source": "\\"Ministère des Affaires Etrangères\\" <noreply.econtrib@gmail.com>", "context": {"nom": "Eugène YOM", "password": "UPRWCC1D", "matricule": "feugeneyomalo@gmail.com"}, "subject": "[Econtrib] Création de compte", "template": "email/creation_compte.html", "destinataire": "feugeneyomalo@gmail.com"}	2023-10-07 22:37:38.351066+02	feugeneyomalo@gmail.com
7c9b5b30-2d5a-4259-aa8d-18f193b3dd79	mail	t	2023-10-16 17:06:25.73438+02	{"source": "\\"Ministère des Affaires Etrangères\\" <noreply.econtrib@gmail.com>", "context": {"nom": "Alhassane Soumah", "password": "OHFFYPYO", "matricule": "alhassanesoumah290@gmail.com"}, "subject": "[Econtrib] Création de compte", "template": "email/creation_compte.html", "destinataire": "alhassanesoumah290@gmail.com"}	2023-10-16 17:06:25.734834+02	alhassanesoumah290@gmail.com
b7c74645-32bb-4348-930a-f6219c2ef83d	mail	t	2023-10-16 17:31:52.973191+02	{"source": "\\"Ministère des Affaires Etrangères\\" <noreply.econtrib@gmail.com>", "context": {"nom": "Alpha Moise Camara", "password": "Z6PHF5RV", "matricule": "alphamoisecamara94@gmail.com"}, "subject": "[Econtrib] Création de compte", "template": "email/creation_compte.html", "destinataire": "alphamoisecamara94@gmail.com"}	2023-10-16 17:31:52.97371+02	alphamoisecamara94@gmail.com
adc09599-3a41-44f8-842f-4e423c10a215	mail	t	2023-10-24 16:21:40.294074+02	{"source": "\\"Ministère des Affaires Etrangères\\" <noreply.econtrib@gmail.com>", "context": {"nom": "Alpha Moise Camara", "password": "THPEX352", "matricule": "alphamoisecamara94@gmail.com"}, "subject": "[Econtrib] Réinitialisation mot de passe", "template": "email/reinitialisation_compte.html", "destinataire": "alphamoisecamara94@gmail.com"}	2023-10-24 16:21:40.294831+02	alphamoisecamara94@gmail.com
2d57f9d1-7f01-407d-9368-d99a39a6aa8c	mail	t	2023-10-24 16:30:24.070674+02	{"source": "\\"Ministère des Affaires Etrangères\\" <noreply.econtrib@gmail.com>", "context": {"nom": "Alpha Moise Camara", "password": "RJFQCPXY", "matricule": "alphamoisecamara94@gmail.com"}, "subject": "[Econtrib] Réinitialisation mot de passe", "template": "email/reinitialisation_compte.html", "destinataire": "alphamoisecamara94@gmail.com"}	2023-10-24 16:30:24.071024+02	alphamoisecamara94@gmail.com
dd5d64ef-8678-4c0b-a8e5-d792d9012832	mail	t	2023-11-08 11:38:22.467519+01	{"source": "\\"Ministère des Affaires Etrangères\\" <noreply.econtrib@gmail.com>", "context": {"nom": "Eugène YOM", "password": "RMS4AIKB", "matricule": "feugeneyomalo@gmail.com"}, "subject": "[Econtrib] Réinitialisation mot de passe", "template": "email/reinitialisation_compte.html", "destinataire": "feugeneyomalo@gmail.com"}	2023-11-08 11:38:22.4679+01	feugeneyomalo@gmail.com
7b7a06b2-4f59-4892-8414-2e916de1acc1	mail	t	2023-11-09 15:06:50.606492+01	{"source": "\\"Ministère des Affaires Etrangères\\" <noreply.econtrib@gmail.com>", "context": {"nom": "Administrateur Yom", "password": "OFLXOKN1", "matricule": "feugeneyom1@gmail.com"}, "subject": "[Econtrib] Réinitialisation mot de passe", "template": "email/reinitialisation_compte.html", "destinataire": "feugeneyom1@gmail.com"}	2023-11-09 15:06:50.606862+01	administrateur
33e4fa43-3308-437d-90c2-e29b46c1dc50	mail	t	2023-11-09 15:09:22.827224+01	{"source": "\\"Ministère des Affaires Etrangères\\" <noreply.econtrib@gmail.com>", "context": {"nom": "Hassimiou Barry", "password": "5KY4C3HT", "matricule": "barry.hassim@gmail.com"}, "subject": "[Econtrib] Création de compte", "template": "email/creation_compte.html", "destinataire": "barry.hassim@gmail.com"}	2023-11-09 15:09:22.827699+01	barry.hassim@gmail.com
30c0b525-056a-42f6-aeb4-94a8b91466a1	mail	t	2023-11-09 16:30:18.101619+01	{"source": "\\"Ministère des Affaires Etrangères\\" <noreply.econtrib@gmail.com>", "context": {"nom": "Hassimiou Barry", "password": "EYBHE1RG", "matricule": "barry.hassim@gmail.com"}, "subject": "[Econtrib] Création de compte", "template": "email/creation_compte.html", "destinataire": "barry.hassim@gmail.com"}	2023-11-09 16:30:18.102128+01	barry.hassim@gmail.com
72d74fa8-b0de-4865-bb64-3b1c9f1e89af	mail	t	2023-11-09 16:56:00.219313+01	{"source": "\\"Ministère des Affaires Etrangères\\" <noreply.econtrib@gmail.com>", "context": {"nom": "Namory Keita", "password": "TIVVZAIF", "matricule": "namorykeita290@gmail.com"}, "subject": "[Econtrib] Création de compte", "template": "email/creation_compte.html", "destinataire": "namorykeita290@gmail.com"}	2023-11-09 16:56:00.219718+01	namorykeita290@gmail.com
31dd7cc9-1627-4c1f-a771-8797719a11a0	mail	t	2023-11-09 17:05:57.240385+01	{"source": "\\"Ministère des Affaires Etrangères\\" <noreply.econtrib@gmail.com>", "context": {"nom": "Soua Doré", "password": "TPOVGSXC", "matricule": "souadore85@gmail.com"}, "subject": "[Econtrib] Création de compte", "template": "email/creation_compte.html", "destinataire": "souadore85@gmail.com"}	2023-11-09 17:05:57.240877+01	souadore85@gmail.com
6f839a95-8dbd-4e78-8764-869754a770c8	mail	t	2023-11-13 09:58:07.968402+01	{"source": "\\"Ministère des Affaires Etrangères\\" <noreply.econtrib@gmail.com>", "context": {"nom": "Eugène YOM", "password": "ABR8VIGK", "matricule": "feugeneyomalo@gmail.com"}, "subject": "[Econtrib] Réinitialisation mot de passe", "template": "email/reinitialisation_compte.html", "destinataire": "feugeneyomalo@gmail.com"}	2023-11-13 09:58:07.968806+01	feugeneyomalo@gmail.com
c97a6222-17ab-42ce-88d0-99dec7b0d1f2	mail	t	2024-01-25 08:50:32.629346+01	{"source": "\\"Ministère des Affaires Etrangères\\" <noreply.econtrib@gmail.com>", "context": {"nom": "Eugène YOM", "password": "LTWTZZRE", "matricule": "feugeneyomalo@gmail.com"}, "subject": "[Econtrib] Réinitialisation mot de passe", "template": "email/reinitialisation_compte.html", "destinataire": "feugeneyomalo@gmail.com"}	2024-01-25 08:50:32.629927+01	feugeneyomalo@gmail.com
467a3172-cb25-46f2-b8fb-cf27ba107c20	mail	t	2024-01-29 16:26:47.361974+01	{"source": "\\"Ministère des Affaires Etrangères\\" <noreply.econtrib@gmail.com>", "context": {"nom": "Eugène YOM", "password": "2V2D5WPK", "matricule": "feugeneyomalo@gmail.com"}, "subject": "[Econtrib] Réinitialisation mot de passe", "template": "email/reinitialisation_compte.html", "destinataire": "feugeneyomalo@gmail.com"}	2024-01-29 16:26:47.362642+01	feugeneyomalo@gmail.com
\.


--
-- Data for Name: organisation; Type: TABLE DATA; Schema: public; Owner: user_contribution
--

COPY public.organisation (cd_organisation, nom, sigle, siege, date_adhesion, rib, document_adhesion, tutelle_id, "Devise_id", "Devise_2") FROM stdin;
01	Communauté Economique des Etats de l'Afrique de l'Ouest	CEDEAO	Abuja	2023-10-02 02:00:00+02	DOCUMENTS/DOCUMENT_ADHESION/CEDEAO/coordonées_bancaire.pdf	DOCUMENTS/DOCUMENT_ADHESION/CEDEAO/document_adhesion.pdf	04	USD	
02	Conseil Africain et Malgache pour l'Enseignement Supérieur	CAMES	Abidjan	1980-01-01 01:00:00+01	DOCUMENTS/DOCUMENT_ADHESION/CAMES/coordonées_bancaire.pdf	DOCUMENTS/DOCUMENT_ADHESION/CAMES/document_adhesion.pdf	34	CFA	
03	Organisation des Nations Unies pour l'Alimentation et l'Agriculture	FAO	New York	2023-09-25 02:00:00+02	DOCUMENTS/DOCUMENT_ADHESION/FAO/coordonées_bancaire.pdf	DOCUMENTS/DOCUMENT_ADHESION/FAO/document_adhesion.pdf	11	USD	
04	Organisation Internationale du Travail	OIT	Turin	2023-10-07 02:00:00+02	DOCUMENTS/DOCUMENT_ADHESION/OIT/coordonées_bancaire.pdf	DOCUMENTS/DOCUMENT_ADHESION/OIT/document_adhesion.pdf	10	EUR	
07	Union du Fleuve Mano River	UFM	Freetown	1980-10-25 01:00:00+01	DOCUMENTS/DOCUMENT_ADHESION/UFM/coordonées_bancaire.pdf	DOCUMENTS/DOCUMENT_ADHESION/UFM/document_adhesion.pdf	36	USD	
15	Communauté des Etats Sahelo-Sahariens	CEN-SAD	TCHAD	2006-03-23 01:00:00+01	DOCUMENTS/DOCUMENT_ADHESION/CEN-SAD/coordonées_bancaire.pdf	DOCUMENTS/DOCUMENT_ADHESION/CEN-SAD/document_adhesion.pdf	07	USD	
16	Commission Sous Regionale des pêches	CSRP	Dakar	1993-07-14 02:00:00+02	DOCUMENTS/DOCUMENT_ADHESION/CSRP/coordonées_bancaire.pdf	DOCUMENTS/DOCUMENT_ADHESION/CSRP/document_adhesion.pdf	12	USD	
17	Comité Permanent Inter-Etats de Lutte Contre la Secheresse dans le Sahel	CILSS	Ouaguadougou	2011-11-03 01:00:00+01	DOCUMENTS/DOCUMENT_ADHESION/CILSS/coordonées_bancaire.pdf	DOCUMENTS/DOCUMENT_ADHESION/CILSS/document_adhesion.pdf	11	CFA	
33	Convention sur le Commerce International des Espèces de Faune et Flores Sauvages Menaces d'Extension	CITES	GENEVE	1981-09-21 02:00:00+02	DOCUMENTS/DOCUMENT_ADHESION/CITES/coordonées_bancaire.pdf	DOCUMENTS/DOCUMENT_ADHESION/CITES/document_adhesion.pdf	31	USD	
09	Union Africaine	UA	Addis  Abeba	2001-03-02 01:00:00+01	DOCUMENTS/DOCUMENT_ADHESION/UA/coordonées_bancaire.pdf	DOCUMENTS/DOCUMENT_ADHESION/UA/document_adhesion.pdf	07	USD	
18	Centre regional Africaine d'Administration du Travail	CRADAT	Yaoundé	1975-01-08 01:00:00+01	DOCUMENTS/DOCUMENT_ADHESION/CRADAT/coordonées_bancaire.pdf	DOCUMENTS/DOCUMENT_ADHESION/CRADAT/document_adhesion.pdf	10	CFA	
20	Organisation du Monde Islamique pour l'Education,les Sciences et la Culture	ICESCO	Rabat	2003-02-05 01:00:00+01	DOCUMENTS/DOCUMENT_ADHESION/ICESCO/coordonées_bancaire.pdf	DOCUMENTS/DOCUMENT_ADHESION/ICESCO/document_adhesion.pdf	20	USD	
08	Programme des Nations Unies pour le Developpement	PNUD	New York	2024-01-29 01:00:00+01	DOCUMENTS/DOCUMENT_ADHESION/PNUD/coordonées_bancaire.pdf	DOCUMENTS/DOCUMENT_ADHESION/PNUD/document_adhesion.pdf	07	USD	
11	Organisation Internationale pour les Migrations	OIM	Génève	2000-06-07 02:00:00+02	DOCUMENTS/DOCUMENT_ADHESION/OIM/coordonées_bancaire.pdf	DOCUMENTS/DOCUMENT_ADHESION/OIM/document_adhesion.pdf	07	CHF	
12	Comité de Coordination pour le Développementet la Promotion de l'Artisanat Africain	CODEPA	Ouagadougou	2023-01-28 01:00:00+01	DOCUMENTS/DOCUMENT_ADHESION/CODEPA/coordonées_bancaire.pdf	DOCUMENTS/DOCUMENT_ADHESION/CODEPA/document_adhesion.pdf	17	CFA	
10	Institut de formation pour l'Afrique	IFA	washington	2013-04-29 02:00:00+02	DOCUMENTS/DOCUMENT_ADHESION/IFA/coordonées_bancaire.pdf	DOCUMENTS/DOCUMENT_ADHESION/IFA/document_adhesion.pdf	09	USD	
06	Organisation Internationale de Police Criminelle	INTERPOL	Lyon	2023-10-30 01:00:00+01	DOCUMENTS/DOCUMENT_ADHESION/INTERPOL/coordonées_bancaire.pdf	DOCUMENTS/DOCUMENT_ADHESION/INTERPOL/document_adhesion.pdf	05	EUR	
13	Association Internationale des services du tresor	AIST	paris	2007-03-12 01:00:00+01	DOCUMENTS/DOCUMENT_ADHESION/AIST/coordonées_bancaire.pdf	DOCUMENTS/DOCUMENT_ADHESION/AIST/document_adhesion.pdf	09	EUR	
14	Alliance Solaire Internationale	ISA	Inde	2018-12-11 01:00:00+01	DOCUMENTS/DOCUMENT_ADHESION/ISA/coordonées_bancaire.pdf	DOCUMENTS/DOCUMENT_ADHESION/ISA/document_adhesion.pdf	36	USD	
21	Organisation de la Coopération Islamique	OCI	Djedha	1969-09-25 01:00:00+01	DOCUMENTS/DOCUMENT_ADHESION/OCI/coordonées_bancaire.pdf	DOCUMENTS/DOCUMENT_ADHESION/OCI/document_adhesion.pdf	07	USD	
24	Convention Minamata sur le Mercure	CONVENTION DE MINAMATA	Addis Abeba	2009-02-20 01:00:00+01	DOCUMENTS/DOCUMENT_ADHESION/Convention de Minamata/coordonées_bancaire.pdf	DOCUMENTS/DOCUMENT_ADHESION/Convention de Minamata/document_adhesion.pdf	31	USD	
23	Institut Panafricain de l'Education pour le Développement	IDEP	Dakar	2006-09-15 02:00:00+02	DOCUMENTS/DOCUMENT_ADHESION/IDEP/coordonées_bancaire.pdf	DOCUMENTS/DOCUMENT_ADHESION/IDEP/document_adhesion.pdf	09	USD	
25	Organisation Mondiale du Commerce	OMC	suisse	1995-10-25 01:00:00+01	DOCUMENTS/DOCUMENT_ADHESION/OMC/coordonées_bancaire.pdf	DOCUMENTS/DOCUMENT_ADHESION/OMC/document_adhesion.pdf	16	CHF	
26	Organisation des Nations Unies	ONU	New York	1958-12-12 01:00:00+01	DOCUMENTS/DOCUMENT_ADHESION/ONU/coordonées_bancaire.pdf	DOCUMENTS/DOCUMENT_ADHESION/ONU/document_adhesion.pdf	07	USD	
27	Mission Multidimensionnelle Intégrée des Nations Unies pour la stabilisation en Républiaue Centrafricaine	MINUSCA	New York	1958-12-12 01:00:00+01	DOCUMENTS/DOCUMENT_ADHESION/MINUSCA/coordonées_bancaire.pdf	DOCUMENTS/DOCUMENT_ADHESION/MINUSCA/document_adhesion.pdf	07	USD	
28	Force Interimaire de Sécurité des Nations Unies à Abyei	FISNUA	Abyei	2014-07-09 02:00:00+02	DOCUMENTS/DOCUMENT_ADHESION/FISNUA/coordonées_bancaire.pdf	DOCUMENTS/DOCUMENT_ADHESION/FISNUA/document_adhesion.pdf	07	USD	
29	Union Postale Universelle	UPU	Berne	1959-08-21 01:00:00+01	DOCUMENTS/DOCUMENT_ADHESION/UPU/coordonées_bancaire.pdf	DOCUMENTS/DOCUMENT_ADHESION/UPU/document_adhesion.pdf	37	CHF	
30	Organisation de la Mise en Valeur du Fleuve Gambie	OMVG	Dakar	1983-03-02 01:00:00+01	DOCUMENTS/DOCUMENT_ADHESION/OMVG/coordonées_bancaire.pdf	DOCUMENTS/DOCUMENT_ADHESION/OMVG/document_adhesion.pdf	36	CFA	
19	Fondation KARANTA	KARANTA	Dakar	2013-04-30 02:00:00+02	DOCUMENTS/DOCUMENT_ADHESION/KARANTA/coordonées_bancaire.pdf	DOCUMENTS/DOCUMENT_ADHESION/KARANTA/document_adhesion.pdf	20	USD	
31	conférence Ministérielle sur la coopération halieutique entre les Etats Africains Riverains de l'Océan Atlantique	COMAHAFAT	Maroc	1999-10-15 02:00:00+02	DOCUMENTS/DOCUMENT_ADHESION/COMAHAFAT/coordonées_bancaire.pdf	DOCUMENTS/DOCUMENT_ADHESION/COMAHAFAT/document_adhesion.pdf	12	USD	
32	Fond des Nations Unies pour la Population	UNFPA	New York	1979-01-04 01:00:00+01	DOCUMENTS/DOCUMENT_ADHESION/UNFPA/coordonées_bancaire.pdf	DOCUMENTS/DOCUMENT_ADHESION/UNFPA/document_adhesion.pdf	18	USD	
22	Alliance pour le Biodigesteur en Afrique de l'Ouest et du centre	AB/AOC	Ouagadougou	2018-12-04 01:00:00+01	DOCUMENTS/DOCUMENT_ADHESION/AB/AOC/coordonées_bancaire.pdf	DOCUMENTS/DOCUMENT_ADHESION/AB/AOC/document_adhesion.pdf	31	CFA	
34	Fonds de solidarité Africaine	FSA	Niger	2022-10-28 02:00:00+02	DOCUMENTS/DOCUMENT_ADHESION/FSA/coordonées_bancaire.pdf	DOCUMENTS/DOCUMENT_ADHESION/FSA/document_adhesion.pdf	09	CFA	
36	Institut International d'Ingénierie de l'Eau et de l'Environnement	2IE	BURKINA FASO	2007-04-01 02:00:00+02	DOCUMENTS/DOCUMENT_ADHESION/2iE/coordonées_bancaire.pdf	DOCUMENTS/DOCUMENT_ADHESION/2iE/document_adhesion.pdf	34	CFA	
37	Groupe des 77 et la Chine (Cuba)	G77	Nations Unies	2021-01-18 01:00:00+01	DOCUMENTS/DOCUMENT_ADHESION/G77/coordonées_bancaire.pdf	DOCUMENTS/DOCUMENT_ADHESION/G77/document_adhesion.pdf	07	USD	
39	Commission Internationale pour la Convention des Thonidés de l'Atlantique	ICCAT	Espagne	2019-06-26 02:00:00+02	DOCUMENTS/DOCUMENT_ADHESION/ICCAT/coordonées_bancaire.pdf	DOCUMENTS/DOCUMENT_ADHESION/ICCAT/document_adhesion.pdf	12	USD	
40	Centre Africain pour les Applications de la	ACMAD	Niger	1992-03-15 01:00:00+01	DOCUMENTS/DOCUMENT_ADHESION/ACMAD/coordonées_bancaire.pdf	DOCUMENTS/DOCUMENT_ADHESION/ACMAD/document_adhesion.pdf	32	USD	
42	Commission Africaine pour l'Energie Nucléaire	AFCONE	Prétoria	1981-05-05 02:00:00+02	DOCUMENTS/DOCUMENT_ADHESION/AFCONE/coordonées_bancaire.pdf	DOCUMENTS/DOCUMENT_ADHESION/AFCONE/document_adhesion.pdf	36	USD	
46	Commission des Thons de l'océan Indien	IOTC	Victoria,aux Seychelles	1993-11-25 01:00:00+01	DOCUMENTS/DOCUMENT_ADHESION/IOTC/coordonées_bancaire.pdf	DOCUMENTS/DOCUMENT_ADHESION/IOTC/document_adhesion.pdf	12	USD	
48	Centre de recherche statistique, Economique et Social et de Formation des pays Islamiques	SESRIC	Ankara	2017-09-25 02:00:00+02	DOCUMENTS/DOCUMENT_ADHESION/SESRIC/coordonées_bancaire.pdf	DOCUMENTS/DOCUMENT_ADHESION/SESRIC/document_adhesion.pdf	07	USD	
50	Agence Internationale de l'Energie renouvelable	IRENA	Abu Dhabi	2009-01-26 01:00:00+01	DOCUMENTS/DOCUMENT_ADHESION/IRENA/coordonées_bancaire.pdf	DOCUMENTS/DOCUMENT_ADHESION/IRENA/document_adhesion.pdf	07	USD	
53	Mission de L'Organisation des Nations Unies pour la Stabilisation en République Démocratique du Congo	MONUSCO	Kinshasa	2021-01-15 01:00:00+01	DOCUMENTS/DOCUMENT_ADHESION/MONUSCO/coordonées_bancaire.pdf	DOCUMENTS/DOCUMENT_ADHESION/MONUSCO/document_adhesion.pdf	07	USD	
55	Observation économique et statistique d'Afrique Subsaharienne	AFRISAT	Bamako	1993-09-21 02:00:00+02	DOCUMENTS/DOCUMENT_ADHESION/AFRISAT/coordonées_bancaire.pdf	DOCUMENTS/DOCUMENT_ADHESION/AFRISAT/document_adhesion.pdf	08	CFA	
62	Conference Ministérielle africaine sur la météorologie	AMCOMET	Genève	2010-02-22 01:00:00+01	DOCUMENTS/DOCUMENT_ADHESION/AMCOMET/coordonées_bancaire.pdf	DOCUMENTS/DOCUMENT_ADHESION/AMCOMET/document_adhesion.pdf	32	USD	
05	Autorité du Bassin du Niger	ABN	Niamey	1963-10-20 01:00:00+01	DOCUMENTS/DOCUMENT_ADHESION/ABN/coordonées_bancaire.pdf	DOCUMENTS/DOCUMENT_ADHESION/ABN/document_adhesion.pdf	36	CFA	
58	Organisation pour l'Harmonisation en Afrique du Droit des Affaires	OHADA	Yaoundé	2000-05-05 02:00:00+02	DOCUMENTS/DOCUMENT_ADHESION/OHADA/coordonées_bancaire.pdf	DOCUMENTS/DOCUMENT_ADHESION/OHADA/document_adhesion.pdf	64	CFA	
38	Conférence des Ministres de la Jeunesse et des Sports de la Francophonie	CONFEJES	DAKAR	1983-07-12 02:00:00+02	DOCUMENTS/DOCUMENT_ADHESION/CONFEJES/coordonées_bancaire.pdf	DOCUMENTS/DOCUMENT_ADHESION/CONFEJES/document_adhesion.pdf	23	CFA	
54	Académie Internationale du Fiqh Islamique	AIFI	DJEDDAH	1983-06-19 02:00:00+02	DOCUMENTS/DOCUMENT_ADHESION/AIFI/coordonées_bancaire.pdf	DOCUMENTS/DOCUMENT_ADHESION/AIFI/document_adhesion.pdf	16	USD	
35	Convention des Nations Unies sur  la Lutte Contre la Désertification	CNULCD	NEW-YORK	1997-06-23 02:00:00+02	DOCUMENTS/DOCUMENT_ADHESION/CNULCD/coordonées_bancaire.pdf	DOCUMENTS/DOCUMENT_ADHESION/CNULCD/document_adhesion.pdf	31	EUR	
59	Organisation de la Mise en Valeur du Fleuve Senegal	OMVS	Dakar	2006-03-21 01:00:00+01	DOCUMENTS/DOCUMENT_ADHESION/OMVS/coordonées_bancaire.pdf	DOCUMENTS/DOCUMENT_ADHESION/OMVS/document_adhesion.pdf	36	CFA	
60	Organisation Mondiale des Douanes	OMD	Bruxelles	1991-10-30 01:00:00+01	DOCUMENTS/DOCUMENT_ADHESION/OMD/coordonées_bancaire.pdf	DOCUMENTS/DOCUMENT_ADHESION/OMD/document_adhesion.pdf	64	EUR	
61	Conférence des Ministres de l'Education des Etats et gouvernements de la Francophonie	CONFEMEN	DAKAR	1980-05-05 02:00:00+02	DOCUMENTS/DOCUMENT_ADHESION/CONFEMEN/coordonées_bancaire.pdf	DOCUMENTS/DOCUMENT_ADHESION/CONFEMEN/document_adhesion.pdf	20	CFA	
43	Organisation Maritime Internationale	OMI	Londre	1997-12-03 01:00:00+01	DOCUMENTS/DOCUMENT_ADHESION/OMI/coordonées_bancaire.pdf	DOCUMENTS/DOCUMENT_ADHESION/OMI/document_adhesion.pdf	12	USD	
57	Commission Electronique Africaine de Normalisation	AFSEC	Caire	2016-03-10 01:00:00+01	DOCUMENTS/DOCUMENT_ADHESION/AFSEC/coordonées_bancaire.pdf	DOCUMENTS/DOCUMENT_ADHESION/AFSEC/document_adhesion.pdf	16	USD	
63	Centre Regional d'Assistance Technique pour l'Afrique de l'Ouest	AFRITAC	Abdijan	2012-01-05 01:00:00+01	DOCUMENTS/DOCUMENT_ADHESION/Afritac/coordonées_bancaire.pdf	DOCUMENTS/DOCUMENT_ADHESION/Afritac/document_adhesion.pdf	09	USD	
41	Cour Pénal Internationale	CPI	PAYS-PAYS	2003-07-14 02:00:00+02	DOCUMENTS/DOCUMENT_ADHESION/CPI/coordonées_bancaire.pdf	DOCUMENTS/DOCUMENT_ADHESION/CPI/document_adhesion.pdf	06	EUR	
45	Droit de la Mer	DROIT DE LA MER	ALLEMAGNE	1985-09-06 02:00:00+02	DOCUMENTS/DOCUMENT_ADHESION/DROIT DE LA MER/coordonées_bancaire.pdf	DOCUMENTS/DOCUMENT_ADHESION/DROIT DE LA MER/document_adhesion.pdf	06	EUR	
47	Forum des Administrations Fiscales Ouest Africaines	FAFOA/WATAF	NIGERIA	2011-09-12 02:00:00+02	DOCUMENTS/DOCUMENT_ADHESION/FAFOA/WATAF/coordonées_bancaire.pdf	DOCUMENTS/DOCUMENT_ADHESION/FAFOA/WATAF/document_adhesion.pdf	64	USD	
44	Cercle de Réflexion et d'Echanges des Dirigeants des Administration Fiscales	CREDAF	PARIS	1982-05-19 02:00:00+02	DOCUMENTS/DOCUMENT_ADHESION/CREDAF/coordonées_bancaire.pdf	DOCUMENTS/DOCUMENT_ADHESION/CREDAF/document_adhesion.pdf	64	EUR	
49	Fond Africain pour les Urgences de Santé Publique	FAUSP	YAMOUSSOKORO	2011-09-02 02:00:00+02	DOCUMENTS/DOCUMENT_ADHESION/FAUSP/coordonées_bancaire.pdf	DOCUMENTS/DOCUMENT_ADHESION/FAUSP/document_adhesion.pdf	18	USD	
51	Fonds International de Développement Pour  L'Agriculture	FIDA	ROME	1977-02-27 01:00:00+01	DOCUMENTS/DOCUMENT_ADHESION/FIDA/coordonées_bancaire.pdf	DOCUMENTS/DOCUMENT_ADHESION/FIDA/document_adhesion.pdf	11	USD	
52	Force Intermédiaire des Nations Unies Au Liban	FINUL	LIBAN	1978-01-01 01:00:00+01	DOCUMENTS/DOCUMENT_ADHESION/FINUL/coordonées_bancaire.pdf	DOCUMENTS/DOCUMENT_ADHESION/FINUL/document_adhesion.pdf	07	USD	
56	Financement de la Force des Nations Unies Chargé d'Observer le Desengagement	FNUOD	CAMP FAOUAR	2024-05-31 02:00:00+02	DOCUMENTS/DOCUMENT_ADHESION/FNUOD/coordonées_bancaire.pdf	DOCUMENTS/DOCUMENT_ADHESION/FNUOD/document_adhesion.pdf	07	USD	
64	Commission Préparatoire du Traité d'Interdiction Complète des Essais Nucléaire	CTBTO	VIENNE	1996-05-03 02:00:00+02	DOCUMENTS/DOCUMENT_ADHESION/CTBTO/coordonées_bancaire.pdf	DOCUMENTS/DOCUMENT_ADHESION/CTBTO/document_adhesion.pdf	07	USD	
65	Organisation Regionale Africaine de Normalisation	ORAN	Nairobi (Kenya)	2024-06-04 02:00:00+02	DOCUMENTS/DOCUMENT_ADHESION/ORAN/coordonées_bancaire.pdf	DOCUMENTS/DOCUMENT_ADHESION/ORAN/document_adhesion.pdf	16	USD	
66	Bureau International des Expositions	BIE	PARIS	2007-05-03 02:00:00+02	DOCUMENTS/DOCUMENT_ADHESION/BIE/coordonées_bancaire.pdf	DOCUMENTS/DOCUMENT_ADHESION/BIE/document_adhesion.pdf	07	EUR	
67	Centre Islamique pour le Développement du Commerce	CIDC	RABAT	1961-06-21 01:00:00+01	DOCUMENTS/DOCUMENT_ADHESION/CIDC/coordonées_bancaire.pdf	DOCUMENTS/DOCUMENT_ADHESION/CIDC/document_adhesion.pdf	16	USD	
68	Société de Gestion de l'Energie des Ouvrages du Haut-Basin du Fleuve Sénégal	SOGEOH	Conakry	2017-05-17 02:00:00+02	DOCUMENTS/DOCUMENT_ADHESION/SOGEOH/coordonées_bancaire.pdf	DOCUMENTS/DOCUMENT_ADHESION/SOGEOH/document_adhesion.pdf	36	CFA	
69	Convention sur l'Interdiction des armes Biologiques	BWC	GENEVE	1975-03-26 01:00:00+01	DOCUMENTS/DOCUMENT_ADHESION/BWC/coordonées_bancaire.pdf	DOCUMENTS/DOCUMENT_ADHESION/BWC/document_adhesion.pdf	07	USD	
70	L'Initiative pour la Transparence des Industries Extractives	ITIE	OSLO	2013-11-01 01:00:00+01	DOCUMENTS/DOCUMENT_ADHESION/ITIE/coordonées_bancaire.pdf	DOCUMENTS/DOCUMENT_ADHESION/ITIE/document_adhesion.pdf	02	USD	
71	Organisation des Etats d'Afrique, des Caraibes et du Pacifique	OEACP	Bruxelles	2010-11-18 01:00:00+01	DOCUMENTS/DOCUMENT_ADHESION/OEACP/coordonées_bancaire.pdf	DOCUMENTS/DOCUMENT_ADHESION/OEACP/document_adhesion.pdf	07	EUR	
72	Organe International de Contrôle des Stupéfiants	OICS	VIENNE	1967-05-26 01:00:00+01	DOCUMENTS/DOCUMENT_ADHESION/OICS/coordonées_bancaire.pdf	DOCUMENTS/DOCUMENT_ADHESION/OICS/document_adhesion.pdf	07	USD	
73	Programme des Nations Unies pour l'Environnement	PNUE	NAIROBI	1980-06-05 02:00:00+02	DOCUMENTS/DOCUMENT_ADHESION/PNUE/coordonées_bancaire.pdf	DOCUMENTS/DOCUMENT_ADHESION/PNUE/document_adhesion.pdf	31	USD	
74	Reseau des Chambres des Experts Européens Département Afrique de l'Ouest	RCEEDAO	Bruxelles	2011-01-03 01:00:00+01	DOCUMENTS/DOCUMENT_ADHESION/RCEEDAO/coordonées_bancaire.pdf	DOCUMENTS/DOCUMENT_ADHESION/RCEEDAO/document_adhesion.pdf	09	USD	
75	Réseau Francophone Numérique	RFN	PARIS	2006-02-20 01:00:00+01	DOCUMENTS/DOCUMENT_ADHESION/RFN/coordonées_bancaire.pdf	DOCUMENTS/DOCUMENT_ADHESION/RFN/document_adhesion.pdf	43	EUR	
76	Union Internationale de Télécommunication	UIT	Genève	1968-03-29 01:00:00+01	DOCUMENTS/DOCUMENT_ADHESION/UIT/coordonées_bancaire.pdf	DOCUMENTS/DOCUMENT_ADHESION/UIT/document_adhesion.pdf	37	CHF	
77	Institut Africain des Nations Unies pour la Prevention du Crime et le Traitement des Délinquants	UNAFRI	KAMPALA	1989-02-02 01:00:00+01	DOCUMENTS/DOCUMENT_ADHESION/UNAFRI/coordonées_bancaire.pdf	DOCUMENTS/DOCUMENT_ADHESION/UNAFRI/document_adhesion.pdf	05	USD	
78	Organisation de Coopération et de Développement Economique	OCDE	PARIS	1961-09-30 01:00:00+01	DOCUMENTS/DOCUMENT_ADHESION/OCDE/coordonées_bancaire.pdf	DOCUMENTS/DOCUMENT_ADHESION/OCDE/document_adhesion.pdf	64	EUR	
79	Rapporteur Spécial des Nations Unies sur le Droit au Développement	NUD	GENEVE	1982-02-26 01:00:00+01	DOCUMENTS/DOCUMENT_ADHESION/NUD/coordonées_bancaire.pdf	DOCUMENTS/DOCUMENT_ADHESION/NUD/document_adhesion.pdf	07	USD	
80	Comité International de Médecine Militaire	CIMM	BRUXELLES	1990-07-13 02:00:00+02	DOCUMENTS/DOCUMENT_ADHESION/CIMM/coordonées_bancaire.pdf	DOCUMENTS/DOCUMENT_ADHESION/CIMM/document_adhesion.pdf	03	USD	
81	Conseil de l'Europe	CONSEIL DE L'EUROPE	STRASBOURG	1960-05-05 01:00:00+01	DOCUMENTS/DOCUMENT_ADHESION/CONSEIL DE L'EUROPE/coordonées_bancaire.pdf	DOCUMENTS/DOCUMENT_ADHESION/CONSEIL DE L'EUROPE/document_adhesion.pdf	07	EUR	
\.


--
-- Data for Name: periode; Type: TABLE DATA; Schema: public; Owner: user_contribution
--

COPY public.periode (code, libelle) FROM stdin;
02	1er Trimestre
03	2e Trimestre
04	3e Trimestre
05	4e Trimestre
01	annuel
\.


--
-- Data for Name: plan_engagement; Type: TABLE DATA; Schema: public; Owner: user_contribution
--

COPY public.plan_engagement (id, montant, exercice_id, periode_id) FROM stdin;
2	80000000000	2023	01
6	40000000000	2024	01
\.


--
-- Data for Name: proposition_plan; Type: TABLE DATA; Schema: public; Owner: user_contribution
--

COPY public.proposition_plan (id, montant, exercice_id, organisation_id, plan_id) FROM stdin;
1	0	2023	01	2
4	0	2023	04	2
2	0	2023	03	2
3	0	2023	02	2
6	0	2023	06	2
7	0	2023	07	2
\.


--
-- Data for Name: service; Type: TABLE DATA; Schema: public; Owner: user_contribution
--

COPY public.service (code, libelle) FROM stdin;
\.


--
-- Data for Name: situation_financiere; Type: TABLE DATA; Schema: public; Owner: user_contribution
--

COPY public.situation_financiere (id, contribution, arriere, paye, reference_lettre, devise_id, exercice_id, organisation_id) FROM stdin;
21	0	0	0		CFA	2023	05
23	0	0	0		USD	2023	09
24	0	0	0		USD	2023	10
87	500000	1043922	0	DOCUMENTS/LETTRE/UFM/2024-UFM-.pdf	USD	2024	07
32	0	0	0		USD	2023	08
33	0	0	0		CHF	2023	11
34	0	0	0		CFA	2023	12
35	0	0	0		EUR	2023	13
36	0	0	0		USD	2023	14
37	0	0	0		USD	2023	15
38	0	0	0		USD	2023	16
39	0	0	0		CFA	2023	17
40	0	0	0		CFA	2023	18
42	0	0	0		USD	2023	20
43	0	0	0		USD	2023	21
44	0	0	0		CFA	2023	22
45	0	0	0		USD	2023	23
46	0	0	0		USD	2023	24
3	0	3698000	0	DOCUMENTS/LETTRE/CEDEAO/2023-CEDEAO-.pdf	USD	2023	01
6	0	11512	0	DOCUMENTS/LETTRE/OIT/2023-OIT-.pdf	EUR	2023	04
5	0	8120	0	DOCUMENTS/LETTRE/FAO/2023-FAO-.pdf	USD	2023	03
47	0	0	0		CHF	2023	25
48	0	0	0		USD	2023	26
49	0	0	0		USD	2023	27
50	0	0	0		USD	2023	28
51	0	0	0		CHF	2023	29
52	0	0	0		CFA	2023	30
86	11860	19380	0	DOCUMENTS/LETTRE/OIT/2024-OIT-.pdf	EUR	2024	04
14	500000	837318	0	DOCUMENTS/LETTRE/UFM/2023-UFM-.pdf	USD	2023	07
13	36436	1043922	0	DOCUMENTS/LETTRE/INTERPOL/2023-INTERPOL-.pdf	EUR	2023	06
4	42863637	63837716	0	DOCUMENTS/LETTRE/CAMES/2023-CAMES-.pdf	CFA	2023	02
127	0	0	0		EUR	2024	45
129	0	0	0		USD	2024	47
89	0	587164	0	DOCUMENTS/LETTRE/CSRP/2024-CSRP-.pdf	USD	2024	16
118	0	118824144	0	DOCUMENTS/LETTRE/2IE/2024-2IE-.pdf	CFA	2024	36
96	0	0	0		USD	2024	08
97	0	0	0		CHF	2024	11
124	10074	46818	0	DOCUMENTS/LETTRE/AFCONE/2024-AFCONE-.pdf	USD	2024	42
91	151356416	551368159	0	DOCUMENTS/LETTRE/ABN/2024-ABN-.pdf	CFA	2024	05
138	0	0	0		USD	2024	56
132	1267	1935	0	DOCUMENTS/LETTRE/IRENA/2024-IRENA-.pdf	USD	2024	50
102	10000	0	0	DOCUMENTS/LETTRE/ISA/2024-ISA-.pdf	USD	2024	14
101	2500	2500	0	DOCUMENTS/LETTRE/AIST/2024-AIST-.pdf	EUR	2024	13
145	0	0	0		CFA	2024	58
122	11100	355200	0	DOCUMENTS/LETTRE/ACMAD/2024-ACMAD-.pdf	USD	2024	40
126	5100	27100	0	DOCUMENTS/LETTRE/CREDAF/2024-CREDAF-.pdf	EUR	2024	44
93	13425208	199140611	0	DOCUMENTS/LETTRE/CRADAT/2024-CRADAT-.pdf	CFA	2024	18
144	10000	20000	0	DOCUMENTS/LETTRE/AMCOMET/2024-AMCOMET-.pdf	USD	2024	62
120	10000000	50000000	0	DOCUMENTS/LETTRE/CONFEJES/2024-CONFEJES-.pdf	CFA	2024	38
113	10000	30000	0	DOCUMENTS/LETTRE/COMAHAFAT/2024-COMAHAFAT-.pdf	USD	2024	31
98	5000000	53195089	0	DOCUMENTS/LETTRE/CODEPA/2024-CODEPA-.pdf	CFA	2024	12
88	0	1469804	0	DOCUMENTS/LETTRE/CEN-SAD/2024-CEN-SAD-.pdf	USD	2024	15
83	0	3698000	0	DOCUMENTS/LETTRE/CEDEAO/2024-CEDEAO-.pdf	USD	2024	01
121	0	252097	0	DOCUMENTS/LETTRE/ICCAT/2024-ICCAT-.pdf	USD	2024	39
90	0	0	0		CFA	2024	17
92	0	2480485	0	DOCUMENTS/LETTRE/UA/2024-UA-.pdf	USD	2024	09
134	0	3189	0	DOCUMENTS/LETTRE/FINUL/2024-FINUL-.pdf	USD	2024	52
95	0	0	0		USD	2024	20
103	0	0	0		USD	2024	21
104	0	0	0		CFA	2024	22
106	0	0	0		USD	2024	23
105	0	0	0		USD	2024	24
84	0	63837716	0	DOCUMENTS/LETTRE/CAMES/2024-CAMES-.pdf	CFA	2024	02
128	0	143295	0	DOCUMENTS/LETTRE/IOTC/2024-IOTC-.pdf	USD	2024	46
41	0	0	0		CFA	2023	19
107	0	0	0		CHF	2024	25
85	0	5646	0	DOCUMENTS/LETTRE/FAO/2024-FAO-.pdf	USD	2024	03
109	0	0	0		USD	2024	27
110	0	0	0		USD	2024	28
111	0	0	0		CHF	2024	29
112	0	0	0		CFA	2024	30
117	0	1483	0	DOCUMENTS/LETTRE/CNULCD/2024-CNULCD-.pdf	EUR	2024	35
100	0	1080358	0		EUR	2024	06
115	0	554	0	DOCUMENTS/LETTRE/CITES/2024-CITES-.pdf	USD	2024	33
116	0	3189	0	DOCUMENTS/LETTRE/FSA/2024-FSA-.pdf	CFA	2024	34
114	0	10000	0	DOCUMENTS/LETTRE/UNFPA/2024-UNFPA-.pdf	USD	2024	32
123	0	67655	0	DOCUMENTS/LETTRE/CPI/2024-CPI-.pdf	EUR	2024	41
99	0	125401	0	DOCUMENTS/LETTRE/IFA/2024-IFA-.pdf	USD	2024	10
135	0	2687	0	DOCUMENTS/LETTRE/MONUSCO/2024-MONUSCO-.pdf	USD	2024	53
136	0	0	0	DOCUMENTS/LETTRE/AIFI/2024-AIFI-.pdf	USD	2024	54
108	0	0	0	DOCUMENTS/LETTRE/ONU/2024-ONU-.pdf	USD	2024	26
131	0	268000	0	DOCUMENTS/LETTRE/FAUSP/2024-FAUSP-.pdf	USD	2024	49
133	0	120641	0	DOCUMENTS/LETTRE/FIDA/2024-FIDA-.pdf	USD	2024	51
119	0	5000	0	DOCUMENTS/LETTRE/G77/2024-G77-.pdf	USD	2024	37
137	0	1091957984	0	DOCUMENTS/LETTRE/AFRISAT/2024-AFRISAT-.pdf	CFA	2024	55
130	0	126766	0	DOCUMENTS/LETTRE/SESRIC/2024-SESRIC-.pdf	USD	2024	48
146	0	0	0		CFA	2024	59
147	0	0	0		EUR	2024	60
94	0	140000000	0	DOCUMENTS/LETTRE/KARANTA/2024-KARANTA-.pdf	CFA	2024	19
152	0	0	0		CFA	2024	61
153	0	0	0		USD	2024	43
154	0	0	0		USD	2024	57
156	0	0	0		USD	2024	63
157	0	0	0		EUR	2024	64
159	0	0	0		USD	2024	65
161	0	0	0		EUR	2024	66
162	0	0	0		USD	2024	67
164	0	0	0		CFA	2024	68
166	0	0	0		USD	2024	69
167	0	0	0		USD	2024	70
168	0	0	0		EUR	2024	71
169	0	0	0		USD	2024	72
170	0	0	0		USD	2024	73
171	0	0	0		USD	2024	74
172	0	0	0		EUR	2024	75
173	0	0	0		CHF	2024	76
174	0	0	0		USD	2024	77
175	0	0	0		EUR	2024	78
176	0	0	0		USD	2024	79
177	0	0	0		USD	2024	80
178	0	0	0		EUR	2024	81
\.


--
-- Data for Name: source_financement; Type: TABLE DATA; Schema: public; Owner: user_contribution
--

COPY public.source_financement (id, libelle, code) FROM stdin;
1	Budget du Département	1
2	Dépenses Communes	2
3	Autres	3
\.


--
-- Data for Name: statut; Type: TABLE DATA; Schema: public; Owner: user_contribution
--

COPY public.statut (code, libelle) FROM stdin;
ENC	Encours
FER	Fermé
ATT	En attente
\.


--
-- Data for Name: taux; Type: TABLE DATA; Schema: public; Owner: user_contribution
--

COPY public.taux (id, taux, devise_id) FROM stdin;
2	9047.4775	EUR
4	9483.9803	CHF
1	8491.5703	USD
5	0	CAD
3	14.1	CFA
\.


--
-- Data for Name: titre; Type: TABLE DATA; Schema: public; Owner: user_contribution
--

COPY public.titre (code, libelle) FROM stdin;
MLLE	Mademoiselle
MME	Madame
M.	Monsieur
\.


--
-- Data for Name: tutelle; Type: TABLE DATA; Schema: public; Owner: user_contribution
--

COPY public.tutelle (cd_tutelle, libelle, email, telephone, type_id) FROM stdin;
DAF	MAEIAGE   Division des Affaires Financières	daf@maeiage.gov.gn	6245566888	1
01	Présidence de la République	prg@econtrib.com	62544444444	1
02	Primature	prim@contrib.com	55555555	1
03	Ministère de la Defense	md@econtrib.com	62544444	1
04	Ministère de l'Administration du Territoire et de la Décentralisation	matd@econtrib.com	6255555555555555	1
05	Ministère de la Sécurité et de la Protection Civile	mspc@econtrib.com	6255555555	1
34	Ministère de l'Enseignement Supérieure, de la Recherche Scientifique et de l'Innovation	mesrci@econtrib.com	65555555555	1
18	Ministère de la santé et de l'Hygiène Publique	mshp@econtrib.com	625555555555	1
06	Ministère de Justice et des Droits de l'Homme	justice@econtrib.com	555565656565	1
09	Ministère de l'Economie et  des Finances	mef@econtrib.com	656565555555	1
11	Ministère de l'Agriculture et de l''Elevage	mae@econtrib.com	652222222222	1
10	Ministère du Travail et de la Fonction Publique	mtfp@econtrib.com	62444444444444	1
12	Ministère de la Pêche et de l'Economie Maritime	mpem@ministere.gn	1222222222222	1
13	Ministère des Mines et de la Géologie	mmg@econtrib.com	656565656565	1
14	Ministère des Infrastructures et des Travaux Publique	mitp@econtrib.com	6254444444444	1
36	Ministère de l'Energie, de l'Hydraulique et des Hydrocarbures	energie@gmail.com	62100000000000	1
15	Ministere de La Ville Et de L'Amenagement du Territoire	contact@urbanismehabitat.gov.gn	627270101	1
32	Ministere Des Transports	ministre.transport@gouvernement.gov.gn	+224621629906	1
16	Ministere Du Commerce	info@mcipme.gov.gn	+224625677107	1
64	Ministere Du Budget	communicationmdb@mbudget.gov.gn	+224000000000	1
17	Ministere De L'Hotellerie, Du Tourisme Et De L'Artisanat	info@mcta.gov.gn	+224622186294	1
20	Ministere De L'Enseignement Pre Universitaire Et De L'Alphabetisation	contact@mepua.gov.gn	+224620000000	1
31	Ministere De L'Environnement, Des Eaux Et Forets	meddguineeconakry@gmail.com	+224622334638	1
08	Ministère du Plan et de la Coopération Internationale	mpci@gmail.com	6247788999	1
07	Ministère des Affaires Etrangères	maeiage@econtrib.com	444444444444	1
43	Ministere De La Culture, Des Sports Et Du Patrimoine Historique	info@culture.gov.gn	664068682	1
23	Ministere De La Jeunesse Et De L'Emploi Jeune	mseph@gmail.com	664285487	1
37	Ministère Des Postes, Télécommunications Et De L'Economie Numérique	feugeneyomalo@gmail.com	feugeneyomalo@gmail.com	1
\.


--
-- Data for Name: type_tutelle; Type: TABLE DATA; Schema: public; Owner: user_contribution
--

COPY public.type_tutelle (cd_type, libelle) FROM stdin;
1	Département
\.


--
-- Data for Name: users; Type: TABLE DATA; Schema: public; Owner: user_contribution
--

COPY public.users (password, last_login, is_superuser, username, first_name, last_name, email, is_staff, is_active, date_joined, id, is_reseted, groupe_id, service_id, telephone, titre_id) FROM stdin;
pbkdf2_sha256$600000$McVjj6hsqc6JneU995zOzH$Vpug3nySCjOkULKi1bZjec4ofyks9aGQgAIblF/12qM=	2023-10-05 17:44:43.016948+02	f	koumbassasalematou9@gmail.com	Salématou	Koumbassa	koumbassasalematou9@gmail.com	f	t	2023-10-05 17:00:04.682881+02	f6a0e45a-8f41-445f-892e-6a7ccb473d09	f	1	DAF	621558034	MME
pbkdf2_sha256$600000$qAEs1RxMNWcamhpwgfXz7s$KnIUiiW+05DbATgmXJpR1eAvDLoUJzmNjO2mNXXmB6U=	2024-04-04 12:03:55.331583+02	f	feugeneyomalo@gmail.com	Eugène	YOM	feugeneyomalo@gmail.com	f	t	2023-10-07 22:37:35.824762+02	f602728d-948e-4499-a721-5f7e9dbbac51	f	6	DAF	626821019	M.
pbkdf2_sha256$600000$ndtasFRIWrJDhjD5VndUEP$st9xz9YtfrWTLw1UmsOlUPPbC6UN3zCxpwVjAFHsMzA=	\N	f	souadore85@gmail.com	Soua	Doré	souadore85@gmail.com	f	t	2023-11-09 17:05:55.702257+01	d4e486f1-2c09-4d20-8910-febb4bcb8038	t	2	DAF	621436565	MME
pbkdf2_sha256$600000$0WH3maADwXAz52Yev7SudE$2GEsE5WyWIVialN/sOPFujtU2b3+BNVdH/3CRiGYs7Q=	2024-04-04 13:02:26.381329+02	f	causarettee@gmail.com	Fatoumata Elisa	Camara	causarettee@gmail.com	f	t	2023-10-05 16:50:16.191275+02	08ce9a6f-e791-43fc-bbac-df4dbec96197	f	6	DAF	624638163	MME
pbkdf2_sha256$600000$3bWNMx0vDKGfKbWWGigPYb$0rqkEDXJ7hBS3X4BRVj3eByC2I5IvlMLaLq7rm6mfCk=	2024-04-02 15:30:55.025474+02	f	alhassanesoumah290@gmail.com	Alhassane	Soumah	alhassanesoumah290@gmail.com	f	t	2023-10-16 17:06:23.232436+02	75cddf76-7bae-45d7-81bf-45ca10f02f10	f	1	DAF	620625435	M.
pbkdf2_sha256$600000$w8nEiRFF6tsHy9MUlIZTJb$ZmV7HiCNqhNkX6uItAplXLMUjey2jr8iyFcuYLJ/zZk=	2024-04-03 10:11:41.010111+02	t	administrateur	Administrateur	Yom	feugeneyom1@gmail.com	t	t	2023-09-19 15:25:15.848359+02	15cc69d7-2816-482c-96b8-9f5d5a1c54a0	f	\N	\N	6257444444	\N
pbkdf2_sha256$600000$O4IGZ4Cu7aEuPGW9XIblOL$HJSnyRR8XE56XozGc3ueVV+IfgcUhgC0Cdk+ekYIKtg=	2023-10-24 17:04:25.811687+02	f	alphamoisecamara94@gmail.com	Alpha Moise	Camara	alphamoisecamara94@gmail.com	f	f	2023-10-16 17:31:50.568757+02	527f83de-2e4b-43d1-870e-1d0eca7908d3	f	5	DAF	627911150	M.
\.


--
-- Data for Name: users_groups; Type: TABLE DATA; Schema: public; Owner: user_contribution
--

COPY public.users_groups (id, users_id, group_id) FROM stdin;
27	d4e486f1-2c09-4d20-8910-febb4bcb8038	2
28	f602728d-948e-4499-a721-5f7e9dbbac51	6
\.


--
-- Data for Name: users_user_permissions; Type: TABLE DATA; Schema: public; Owner: user_contribution
--

COPY public.users_user_permissions (id, users_id, permission_id) FROM stdin;
\.


--
-- Name: auth_group_id_seq; Type: SEQUENCE SET; Schema: public; Owner: user_contribution
--

SELECT pg_catalog.setval('public.auth_group_id_seq', 6, true);


--
-- Name: auth_group_permissions_id_seq; Type: SEQUENCE SET; Schema: public; Owner: user_contribution
--

SELECT pg_catalog.setval('public.auth_group_permissions_id_seq', 1, false);


--
-- Name: auth_permission_id_seq; Type: SEQUENCE SET; Schema: public; Owner: user_contribution
--

SELECT pg_catalog.setval('public.auth_permission_id_seq', 116, true);


--
-- Name: commentaire_tutelle _id_seq; Type: SEQUENCE SET; Schema: public; Owner: user_contribution
--

SELECT pg_catalog.setval('public."commentaire_tutelle _id_seq"', 2, true);


--
-- Name: django_admin_log_id_seq; Type: SEQUENCE SET; Schema: public; Owner: user_contribution
--

SELECT pg_catalog.setval('public.django_admin_log_id_seq', 1, false);


--
-- Name: django_content_type_id_seq; Type: SEQUENCE SET; Schema: public; Owner: user_contribution
--

SELECT pg_catalog.setval('public.django_content_type_id_seq', 29, true);


--
-- Name: django_migrations_id_seq; Type: SEQUENCE SET; Schema: public; Owner: user_contribution
--

SELECT pg_catalog.setval('public.django_migrations_id_seq', 55, true);


--
-- Name: dossier_id_seq; Type: SEQUENCE SET; Schema: public; Owner: user_contribution
--

SELECT pg_catalog.setval('public.dossier_id_seq', 142, true);


--
-- Name: engagement _id_seq; Type: SEQUENCE SET; Schema: public; Owner: user_contribution
--

SELECT pg_catalog.setval('public."engagement _id_seq"', 14, true);


--
-- Name: fichier_id_seq; Type: SEQUENCE SET; Schema: public; Owner: user_contribution
--

SELECT pg_catalog.setval('public.fichier_id_seq', 295, true);


--
-- Name: lettre_id_seq; Type: SEQUENCE SET; Schema: public; Owner: user_contribution
--

SELECT pg_catalog.setval('public.lettre_id_seq', 47, true);


--
-- Name: ligne_globale _id_seq; Type: SEQUENCE SET; Schema: public; Owner: user_contribution
--

SELECT pg_catalog.setval('public."ligne_globale _id_seq"', 6, true);


--
-- Name: mouchard_id_seq; Type: SEQUENCE SET; Schema: public; Owner: user_contribution
--

SELECT pg_catalog.setval('public.mouchard_id_seq', 32, true);


--
-- Name: plan_engagement _id_seq; Type: SEQUENCE SET; Schema: public; Owner: user_contribution
--

SELECT pg_catalog.setval('public."plan_engagement _id_seq"', 6, true);


--
-- Name: proposition_plan _id_seq; Type: SEQUENCE SET; Schema: public; Owner: user_contribution
--

SELECT pg_catalog.setval('public."proposition_plan _id_seq"', 7, true);


--
-- Name: situation_financiere _id_seq; Type: SEQUENCE SET; Schema: public; Owner: user_contribution
--

SELECT pg_catalog.setval('public."situation_financiere _id_seq"', 178, true);


--
-- Name: source_financement_id_seq; Type: SEQUENCE SET; Schema: public; Owner: user_contribution
--

SELECT pg_catalog.setval('public.source_financement_id_seq', 1, false);


--
-- Name: taux_id_seq; Type: SEQUENCE SET; Schema: public; Owner: user_contribution
--

SELECT pg_catalog.setval('public.taux_id_seq', 5, true);


--
-- Name: users_groups_id_seq; Type: SEQUENCE SET; Schema: public; Owner: user_contribution
--

SELECT pg_catalog.setval('public.users_groups_id_seq', 28, true);


--
-- Name: users_user_permissions_id_seq; Type: SEQUENCE SET; Schema: public; Owner: user_contribution
--

SELECT pg_catalog.setval('public.users_user_permissions_id_seq', 1, false);


--
-- Name: auth_group auth_group_name_key; Type: CONSTRAINT; Schema: public; Owner: user_contribution
--

ALTER TABLE ONLY public.auth_group
    ADD CONSTRAINT auth_group_name_key UNIQUE (name);


--
-- Name: auth_group_permissions auth_group_permissions_group_id_permission_id_0cd325b0_uniq; Type: CONSTRAINT; Schema: public; Owner: user_contribution
--

ALTER TABLE ONLY public.auth_group_permissions
    ADD CONSTRAINT auth_group_permissions_group_id_permission_id_0cd325b0_uniq UNIQUE (group_id, permission_id);


--
-- Name: auth_group_permissions auth_group_permissions_pkey; Type: CONSTRAINT; Schema: public; Owner: user_contribution
--

ALTER TABLE ONLY public.auth_group_permissions
    ADD CONSTRAINT auth_group_permissions_pkey PRIMARY KEY (id);


--
-- Name: auth_group auth_group_pkey; Type: CONSTRAINT; Schema: public; Owner: user_contribution
--

ALTER TABLE ONLY public.auth_group
    ADD CONSTRAINT auth_group_pkey PRIMARY KEY (id);


--
-- Name: auth_permission auth_permission_content_type_id_codename_01ab375a_uniq; Type: CONSTRAINT; Schema: public; Owner: user_contribution
--

ALTER TABLE ONLY public.auth_permission
    ADD CONSTRAINT auth_permission_content_type_id_codename_01ab375a_uniq UNIQUE (content_type_id, codename);


--
-- Name: auth_permission auth_permission_pkey; Type: CONSTRAINT; Schema: public; Owner: user_contribution
--

ALTER TABLE ONLY public.auth_permission
    ADD CONSTRAINT auth_permission_pkey PRIMARY KEY (id);


--
-- Name: commentaire_tutelle commentaire_tutelle _pkey; Type: CONSTRAINT; Schema: public; Owner: user_contribution
--

ALTER TABLE ONLY public.commentaire_tutelle
    ADD CONSTRAINT "commentaire_tutelle _pkey" PRIMARY KEY (id);


--
-- Name: devise devise_pkey; Type: CONSTRAINT; Schema: public; Owner: user_contribution
--

ALTER TABLE ONLY public.devise
    ADD CONSTRAINT devise_pkey PRIMARY KEY (code);


--
-- Name: django_admin_log django_admin_log_pkey; Type: CONSTRAINT; Schema: public; Owner: user_contribution
--

ALTER TABLE ONLY public.django_admin_log
    ADD CONSTRAINT django_admin_log_pkey PRIMARY KEY (id);


--
-- Name: django_content_type django_content_type_app_label_model_76bd3d3b_uniq; Type: CONSTRAINT; Schema: public; Owner: user_contribution
--

ALTER TABLE ONLY public.django_content_type
    ADD CONSTRAINT django_content_type_app_label_model_76bd3d3b_uniq UNIQUE (app_label, model);


--
-- Name: django_content_type django_content_type_pkey; Type: CONSTRAINT; Schema: public; Owner: user_contribution
--

ALTER TABLE ONLY public.django_content_type
    ADD CONSTRAINT django_content_type_pkey PRIMARY KEY (id);


--
-- Name: django_migrations django_migrations_pkey; Type: CONSTRAINT; Schema: public; Owner: user_contribution
--

ALTER TABLE ONLY public.django_migrations
    ADD CONSTRAINT django_migrations_pkey PRIMARY KEY (id);


--
-- Name: django_session django_session_pkey; Type: CONSTRAINT; Schema: public; Owner: user_contribution
--

ALTER TABLE ONLY public.django_session
    ADD CONSTRAINT django_session_pkey PRIMARY KEY (session_key);


--
-- Name: dossier dossier_pkey; Type: CONSTRAINT; Schema: public; Owner: user_contribution
--

ALTER TABLE ONLY public.dossier
    ADD CONSTRAINT dossier_pkey PRIMARY KEY (id);


--
-- Name: engagement engagement _pkey; Type: CONSTRAINT; Schema: public; Owner: user_contribution
--

ALTER TABLE ONLY public.engagement
    ADD CONSTRAINT "engagement _pkey" PRIMARY KEY (id);


--
-- Name: etat_dossier etat_dossier_pkey; Type: CONSTRAINT; Schema: public; Owner: user_contribution
--

ALTER TABLE ONLY public.etat_dossier
    ADD CONSTRAINT etat_dossier_pkey PRIMARY KEY (code);


--
-- Name: exercice exercice_pkey; Type: CONSTRAINT; Schema: public; Owner: user_contribution
--

ALTER TABLE ONLY public.exercice
    ADD CONSTRAINT exercice_pkey PRIMARY KEY (numero);


--
-- Name: fichier fichier_pkey; Type: CONSTRAINT; Schema: public; Owner: user_contribution
--

ALTER TABLE ONLY public.fichier
    ADD CONSTRAINT fichier_pkey PRIMARY KEY (id);


--
-- Name: lettre lettre_pkey; Type: CONSTRAINT; Schema: public; Owner: user_contribution
--

ALTER TABLE ONLY public.lettre
    ADD CONSTRAINT lettre_pkey PRIMARY KEY (id);


--
-- Name: ligne_globale ligne_globale _pkey; Type: CONSTRAINT; Schema: public; Owner: user_contribution
--

ALTER TABLE ONLY public.ligne_globale
    ADD CONSTRAINT "ligne_globale _pkey" PRIMARY KEY (id);


--
-- Name: mouchard mouchard_pkey; Type: CONSTRAINT; Schema: public; Owner: user_contribution
--

ALTER TABLE ONLY public.mouchard
    ADD CONSTRAINT mouchard_pkey PRIMARY KEY (id);


--
-- Name: notification notification_pkey; Type: CONSTRAINT; Schema: public; Owner: user_contribution
--

ALTER TABLE ONLY public.notification
    ADD CONSTRAINT notification_pkey PRIMARY KEY (id);


--
-- Name: organisation organisation_pkey; Type: CONSTRAINT; Schema: public; Owner: user_contribution
--

ALTER TABLE ONLY public.organisation
    ADD CONSTRAINT organisation_pkey PRIMARY KEY (cd_organisation);


--
-- Name: periode periode_pkey; Type: CONSTRAINT; Schema: public; Owner: user_contribution
--

ALTER TABLE ONLY public.periode
    ADD CONSTRAINT periode_pkey PRIMARY KEY (code);


--
-- Name: plan_engagement plan_engagement _pkey; Type: CONSTRAINT; Schema: public; Owner: user_contribution
--

ALTER TABLE ONLY public.plan_engagement
    ADD CONSTRAINT "plan_engagement _pkey" PRIMARY KEY (id);


--
-- Name: proposition_plan proposition_plan _pkey; Type: CONSTRAINT; Schema: public; Owner: user_contribution
--

ALTER TABLE ONLY public.proposition_plan
    ADD CONSTRAINT "proposition_plan _pkey" PRIMARY KEY (id);


--
-- Name: service service_pkey; Type: CONSTRAINT; Schema: public; Owner: user_contribution
--

ALTER TABLE ONLY public.service
    ADD CONSTRAINT service_pkey PRIMARY KEY (code);


--
-- Name: situation_financiere situation_financiere _pkey; Type: CONSTRAINT; Schema: public; Owner: user_contribution
--

ALTER TABLE ONLY public.situation_financiere
    ADD CONSTRAINT "situation_financiere _pkey" PRIMARY KEY (id);


--
-- Name: source_financement source_financement_pkey; Type: CONSTRAINT; Schema: public; Owner: user_contribution
--

ALTER TABLE ONLY public.source_financement
    ADD CONSTRAINT source_financement_pkey PRIMARY KEY (id);


--
-- Name: statut statut_pkey; Type: CONSTRAINT; Schema: public; Owner: user_contribution
--

ALTER TABLE ONLY public.statut
    ADD CONSTRAINT statut_pkey PRIMARY KEY (code);


--
-- Name: taux taux_pkey; Type: CONSTRAINT; Schema: public; Owner: user_contribution
--

ALTER TABLE ONLY public.taux
    ADD CONSTRAINT taux_pkey PRIMARY KEY (id);


--
-- Name: titre titre_pkey; Type: CONSTRAINT; Schema: public; Owner: user_contribution
--

ALTER TABLE ONLY public.titre
    ADD CONSTRAINT titre_pkey PRIMARY KEY (code);


--
-- Name: tutelle tutelle_pkey; Type: CONSTRAINT; Schema: public; Owner: user_contribution
--

ALTER TABLE ONLY public.tutelle
    ADD CONSTRAINT tutelle_pkey PRIMARY KEY (cd_tutelle);


--
-- Name: type_tutelle type_tutelle_pkey; Type: CONSTRAINT; Schema: public; Owner: user_contribution
--

ALTER TABLE ONLY public.type_tutelle
    ADD CONSTRAINT type_tutelle_pkey PRIMARY KEY (cd_type);


--
-- Name: users_groups users_groups_pkey; Type: CONSTRAINT; Schema: public; Owner: user_contribution
--

ALTER TABLE ONLY public.users_groups
    ADD CONSTRAINT users_groups_pkey PRIMARY KEY (id);


--
-- Name: users_groups users_groups_users_id_group_id_83a49e68_uniq; Type: CONSTRAINT; Schema: public; Owner: user_contribution
--

ALTER TABLE ONLY public.users_groups
    ADD CONSTRAINT users_groups_users_id_group_id_83a49e68_uniq UNIQUE (users_id, group_id);


--
-- Name: users users_pkey; Type: CONSTRAINT; Schema: public; Owner: user_contribution
--

ALTER TABLE ONLY public.users
    ADD CONSTRAINT users_pkey PRIMARY KEY (id);


--
-- Name: users_user_permissions users_user_permissions_pkey; Type: CONSTRAINT; Schema: public; Owner: user_contribution
--

ALTER TABLE ONLY public.users_user_permissions
    ADD CONSTRAINT users_user_permissions_pkey PRIMARY KEY (id);


--
-- Name: users_user_permissions users_user_permissions_users_id_permission_id_d7a00931_uniq; Type: CONSTRAINT; Schema: public; Owner: user_contribution
--

ALTER TABLE ONLY public.users_user_permissions
    ADD CONSTRAINT users_user_permissions_users_id_permission_id_d7a00931_uniq UNIQUE (users_id, permission_id);


--
-- Name: users users_username_key; Type: CONSTRAINT; Schema: public; Owner: user_contribution
--

ALTER TABLE ONLY public.users
    ADD CONSTRAINT users_username_key UNIQUE (username);


--
-- Name: auth_group_name_a6ea08ec_like; Type: INDEX; Schema: public; Owner: user_contribution
--

CREATE INDEX auth_group_name_a6ea08ec_like ON public.auth_group USING btree (name varchar_pattern_ops);


--
-- Name: auth_group_permissions_group_id_b120cbf9; Type: INDEX; Schema: public; Owner: user_contribution
--

CREATE INDEX auth_group_permissions_group_id_b120cbf9 ON public.auth_group_permissions USING btree (group_id);


--
-- Name: auth_group_permissions_permission_id_84c5c92e; Type: INDEX; Schema: public; Owner: user_contribution
--

CREATE INDEX auth_group_permissions_permission_id_84c5c92e ON public.auth_group_permissions USING btree (permission_id);


--
-- Name: auth_permission_content_type_id_2f476e4b; Type: INDEX; Schema: public; Owner: user_contribution
--

CREATE INDEX auth_permission_content_type_id_2f476e4b ON public.auth_permission USING btree (content_type_id);


--
-- Name: commentaire_tutelle _auteur_id_ff8fad86; Type: INDEX; Schema: public; Owner: user_contribution
--

CREATE INDEX "commentaire_tutelle _auteur_id_ff8fad86" ON public.commentaire_tutelle USING btree (auteur_id);


--
-- Name: commentaire_tutelle _organisation_id_f9f2c8f8; Type: INDEX; Schema: public; Owner: user_contribution
--

CREATE INDEX "commentaire_tutelle _organisation_id_f9f2c8f8" ON public.commentaire_tutelle USING btree (organisation_id);


--
-- Name: commentaire_tutelle _organisation_id_f9f2c8f8_like; Type: INDEX; Schema: public; Owner: user_contribution
--

CREATE INDEX "commentaire_tutelle _organisation_id_f9f2c8f8_like" ON public.commentaire_tutelle USING btree (organisation_id varchar_pattern_ops);


--
-- Name: commentaire_tutelle _statut_id_90089f59; Type: INDEX; Schema: public; Owner: user_contribution
--

CREATE INDEX "commentaire_tutelle _statut_id_90089f59" ON public.commentaire_tutelle USING btree (statut_id);


--
-- Name: commentaire_tutelle _statut_id_90089f59_like; Type: INDEX; Schema: public; Owner: user_contribution
--

CREATE INDEX "commentaire_tutelle _statut_id_90089f59_like" ON public.commentaire_tutelle USING btree (statut_id varchar_pattern_ops);


--
-- Name: devise_code_87e0587a_like; Type: INDEX; Schema: public; Owner: user_contribution
--

CREATE INDEX devise_code_87e0587a_like ON public.devise USING btree (code varchar_pattern_ops);


--
-- Name: django_admin_log_content_type_id_c4bce8eb; Type: INDEX; Schema: public; Owner: user_contribution
--

CREATE INDEX django_admin_log_content_type_id_c4bce8eb ON public.django_admin_log USING btree (content_type_id);


--
-- Name: django_admin_log_user_id_c564eba6; Type: INDEX; Schema: public; Owner: user_contribution
--

CREATE INDEX django_admin_log_user_id_c564eba6 ON public.django_admin_log USING btree (user_id);


--
-- Name: django_session_expire_date_a5c62663; Type: INDEX; Schema: public; Owner: user_contribution
--

CREATE INDEX django_session_expire_date_a5c62663 ON public.django_session USING btree (expire_date);


--
-- Name: django_session_session_key_c0390e0f_like; Type: INDEX; Schema: public; Owner: user_contribution
--

CREATE INDEX django_session_session_key_c0390e0f_like ON public.django_session USING btree (session_key varchar_pattern_ops);


--
-- Name: dossier_parent_dossier_id_99201911; Type: INDEX; Schema: public; Owner: user_contribution
--

CREATE INDEX dossier_parent_dossier_id_99201911 ON public.dossier USING btree (parent_dossier_id);


--
-- Name: engagement _contribution_apaye_id_aaf8bf26; Type: INDEX; Schema: public; Owner: user_contribution
--

CREATE INDEX "engagement _contribution_apaye_id_aaf8bf26" ON public.engagement USING btree (contribution_apaye_id);


--
-- Name: engagement _devise_id_cdbe7838; Type: INDEX; Schema: public; Owner: user_contribution
--

CREATE INDEX "engagement _devise_id_cdbe7838" ON public.engagement USING btree (devise_id);


--
-- Name: engagement _devise_id_cdbe7838_like; Type: INDEX; Schema: public; Owner: user_contribution
--

CREATE INDEX "engagement _devise_id_cdbe7838_like" ON public.engagement USING btree (devise_id varchar_pattern_ops);


--
-- Name: engagement _etat_dossier_id_239829b2; Type: INDEX; Schema: public; Owner: user_contribution
--

CREATE INDEX "engagement _etat_dossier_id_239829b2" ON public.engagement USING btree (etat_dossier_id);


--
-- Name: engagement _etat_dossier_id_239829b2_like; Type: INDEX; Schema: public; Owner: user_contribution
--

CREATE INDEX "engagement _etat_dossier_id_239829b2_like" ON public.engagement USING btree (etat_dossier_id varchar_pattern_ops);


--
-- Name: engagement _exercice_id_770b7a77; Type: INDEX; Schema: public; Owner: user_contribution
--

CREATE INDEX "engagement _exercice_id_770b7a77" ON public.engagement USING btree (exercice_id);


--
-- Name: engagement _exercice_id_770b7a77_like; Type: INDEX; Schema: public; Owner: user_contribution
--

CREATE INDEX "engagement _exercice_id_770b7a77_like" ON public.engagement USING btree (exercice_id varchar_pattern_ops);


--
-- Name: engagement _organisation_id_2d0edcaf; Type: INDEX; Schema: public; Owner: user_contribution
--

CREATE INDEX "engagement _organisation_id_2d0edcaf" ON public.engagement USING btree (organisation_id);


--
-- Name: engagement _organisation_id_2d0edcaf_like; Type: INDEX; Schema: public; Owner: user_contribution
--

CREATE INDEX "engagement _organisation_id_2d0edcaf_like" ON public.engagement USING btree (organisation_id varchar_pattern_ops);


--
-- Name: engagement _source_financement_id_18cee998; Type: INDEX; Schema: public; Owner: user_contribution
--

CREATE INDEX "engagement _source_financement_id_18cee998" ON public.engagement USING btree (source_financement_id);


--
-- Name: etat_dossier_code_0c3780ed_like; Type: INDEX; Schema: public; Owner: user_contribution
--

CREATE INDEX etat_dossier_code_0c3780ed_like ON public.etat_dossier USING btree (code varchar_pattern_ops);


--
-- Name: exercice_numero_d3d36d77_like; Type: INDEX; Schema: public; Owner: user_contribution
--

CREATE INDEX exercice_numero_d3d36d77_like ON public.exercice USING btree (numero varchar_pattern_ops);


--
-- Name: exercice_statut_id_a1d6b9b8; Type: INDEX; Schema: public; Owner: user_contribution
--

CREATE INDEX exercice_statut_id_a1d6b9b8 ON public.exercice USING btree (statut_id);


--
-- Name: exercice_statut_id_a1d6b9b8_like; Type: INDEX; Schema: public; Owner: user_contribution
--

CREATE INDEX exercice_statut_id_a1d6b9b8_like ON public.exercice USING btree (statut_id varchar_pattern_ops);


--
-- Name: fichier_dossier_id_684818f9; Type: INDEX; Schema: public; Owner: user_contribution
--

CREATE INDEX fichier_dossier_id_684818f9 ON public.fichier USING btree (dossier_id);


--
-- Name: lettre_exercice_id_ed7d6aad; Type: INDEX; Schema: public; Owner: user_contribution
--

CREATE INDEX lettre_exercice_id_ed7d6aad ON public.lettre USING btree (exercice_id);


--
-- Name: lettre_exercice_id_ed7d6aad_like; Type: INDEX; Schema: public; Owner: user_contribution
--

CREATE INDEX lettre_exercice_id_ed7d6aad_like ON public.lettre USING btree (exercice_id varchar_pattern_ops);


--
-- Name: lettre_expediteur_id_d7ff91f3; Type: INDEX; Schema: public; Owner: user_contribution
--

CREATE INDEX lettre_expediteur_id_d7ff91f3 ON public.lettre USING btree (expediteur_id);


--
-- Name: lettre_expediteur_id_d7ff91f3_like; Type: INDEX; Schema: public; Owner: user_contribution
--

CREATE INDEX lettre_expediteur_id_d7ff91f3_like ON public.lettre USING btree (expediteur_id varchar_pattern_ops);


--
-- Name: lettre_objet_id_94c9ff67; Type: INDEX; Schema: public; Owner: user_contribution
--

CREATE INDEX lettre_objet_id_94c9ff67 ON public.lettre USING btree (organisation_id);


--
-- Name: lettre_objet_id_94c9ff67_like; Type: INDEX; Schema: public; Owner: user_contribution
--

CREATE INDEX lettre_objet_id_94c9ff67_like ON public.lettre USING btree (organisation_id varchar_pattern_ops);


--
-- Name: ligne_globale _exercice_id_53ce2e6e; Type: INDEX; Schema: public; Owner: user_contribution
--

CREATE INDEX "ligne_globale _exercice_id_53ce2e6e" ON public.ligne_globale USING btree (exercice_id);


--
-- Name: ligne_globale _exercice_id_53ce2e6e_like; Type: INDEX; Schema: public; Owner: user_contribution
--

CREATE INDEX "ligne_globale _exercice_id_53ce2e6e_like" ON public.ligne_globale USING btree (exercice_id varchar_pattern_ops);


--
-- Name: organisation_Devise_id_d9a9432d; Type: INDEX; Schema: public; Owner: user_contribution
--

CREATE INDEX "organisation_Devise_id_d9a9432d" ON public.organisation USING btree ("Devise_id");


--
-- Name: organisation_Devise_id_d9a9432d_like; Type: INDEX; Schema: public; Owner: user_contribution
--

CREATE INDEX "organisation_Devise_id_d9a9432d_like" ON public.organisation USING btree ("Devise_id" varchar_pattern_ops);


--
-- Name: organisation_cd_organisation_20f40e38_like; Type: INDEX; Schema: public; Owner: user_contribution
--

CREATE INDEX organisation_cd_organisation_20f40e38_like ON public.organisation USING btree (cd_organisation varchar_pattern_ops);


--
-- Name: organisation_tutelle_id_ddf57b78; Type: INDEX; Schema: public; Owner: user_contribution
--

CREATE INDEX organisation_tutelle_id_ddf57b78 ON public.organisation USING btree (tutelle_id);


--
-- Name: organisation_tutelle_id_ddf57b78_like; Type: INDEX; Schema: public; Owner: user_contribution
--

CREATE INDEX organisation_tutelle_id_ddf57b78_like ON public.organisation USING btree (tutelle_id varchar_pattern_ops);


--
-- Name: periode_code_66e6ee48_like; Type: INDEX; Schema: public; Owner: user_contribution
--

CREATE INDEX periode_code_66e6ee48_like ON public.periode USING btree (code varchar_pattern_ops);


--
-- Name: plan_engagement _exercice_id_246de1c7; Type: INDEX; Schema: public; Owner: user_contribution
--

CREATE INDEX "plan_engagement _exercice_id_246de1c7" ON public.plan_engagement USING btree (exercice_id);


--
-- Name: plan_engagement _exercice_id_246de1c7_like; Type: INDEX; Schema: public; Owner: user_contribution
--

CREATE INDEX "plan_engagement _exercice_id_246de1c7_like" ON public.plan_engagement USING btree (exercice_id varchar_pattern_ops);


--
-- Name: plan_engagement _periode_id_222fee2b; Type: INDEX; Schema: public; Owner: user_contribution
--

CREATE INDEX "plan_engagement _periode_id_222fee2b" ON public.plan_engagement USING btree (periode_id);


--
-- Name: plan_engagement _periode_id_222fee2b_like; Type: INDEX; Schema: public; Owner: user_contribution
--

CREATE INDEX "plan_engagement _periode_id_222fee2b_like" ON public.plan_engagement USING btree (periode_id varchar_pattern_ops);


--
-- Name: proposition_plan _exercice_id_24e11efd; Type: INDEX; Schema: public; Owner: user_contribution
--

CREATE INDEX "proposition_plan _exercice_id_24e11efd" ON public.proposition_plan USING btree (exercice_id);


--
-- Name: proposition_plan _exercice_id_24e11efd_like; Type: INDEX; Schema: public; Owner: user_contribution
--

CREATE INDEX "proposition_plan _exercice_id_24e11efd_like" ON public.proposition_plan USING btree (exercice_id varchar_pattern_ops);


--
-- Name: proposition_plan _organisation_id_1b6ab1cb; Type: INDEX; Schema: public; Owner: user_contribution
--

CREATE INDEX "proposition_plan _organisation_id_1b6ab1cb" ON public.proposition_plan USING btree (organisation_id);


--
-- Name: proposition_plan _organisation_id_1b6ab1cb_like; Type: INDEX; Schema: public; Owner: user_contribution
--

CREATE INDEX "proposition_plan _organisation_id_1b6ab1cb_like" ON public.proposition_plan USING btree (organisation_id varchar_pattern_ops);


--
-- Name: proposition_plan _plan_id_da7f2e28; Type: INDEX; Schema: public; Owner: user_contribution
--

CREATE INDEX "proposition_plan _plan_id_da7f2e28" ON public.proposition_plan USING btree (plan_id);


--
-- Name: service_code_30a4f429_like; Type: INDEX; Schema: public; Owner: user_contribution
--

CREATE INDEX service_code_30a4f429_like ON public.service USING btree (code varchar_pattern_ops);


--
-- Name: situation_financiere _devise_id_4b5a79c4; Type: INDEX; Schema: public; Owner: user_contribution
--

CREATE INDEX "situation_financiere _devise_id_4b5a79c4" ON public.situation_financiere USING btree (devise_id);


--
-- Name: situation_financiere _devise_id_4b5a79c4_like; Type: INDEX; Schema: public; Owner: user_contribution
--

CREATE INDEX "situation_financiere _devise_id_4b5a79c4_like" ON public.situation_financiere USING btree (devise_id varchar_pattern_ops);


--
-- Name: situation_financiere _exercice_id_b85d1b23; Type: INDEX; Schema: public; Owner: user_contribution
--

CREATE INDEX "situation_financiere _exercice_id_b85d1b23" ON public.situation_financiere USING btree (exercice_id);


--
-- Name: situation_financiere _exercice_id_b85d1b23_like; Type: INDEX; Schema: public; Owner: user_contribution
--

CREATE INDEX "situation_financiere _exercice_id_b85d1b23_like" ON public.situation_financiere USING btree (exercice_id varchar_pattern_ops);


--
-- Name: situation_financiere _organisation_id_b6b41558; Type: INDEX; Schema: public; Owner: user_contribution
--

CREATE INDEX "situation_financiere _organisation_id_b6b41558" ON public.situation_financiere USING btree (organisation_id);


--
-- Name: situation_financiere _organisation_id_b6b41558_like; Type: INDEX; Schema: public; Owner: user_contribution
--

CREATE INDEX "situation_financiere _organisation_id_b6b41558_like" ON public.situation_financiere USING btree (organisation_id varchar_pattern_ops);


--
-- Name: statut_code_b2e6e1da_like; Type: INDEX; Schema: public; Owner: user_contribution
--

CREATE INDEX statut_code_b2e6e1da_like ON public.statut USING btree (code varchar_pattern_ops);


--
-- Name: taux_devise_id_500c5675; Type: INDEX; Schema: public; Owner: user_contribution
--

CREATE INDEX taux_devise_id_500c5675 ON public.taux USING btree (devise_id);


--
-- Name: taux_devise_id_500c5675_like; Type: INDEX; Schema: public; Owner: user_contribution
--

CREATE INDEX taux_devise_id_500c5675_like ON public.taux USING btree (devise_id varchar_pattern_ops);


--
-- Name: titre_code_f30d8d40_like; Type: INDEX; Schema: public; Owner: user_contribution
--

CREATE INDEX titre_code_f30d8d40_like ON public.titre USING btree (code varchar_pattern_ops);


--
-- Name: tutelle_cd_tutelle_7e8f37b6_like; Type: INDEX; Schema: public; Owner: user_contribution
--

CREATE INDEX tutelle_cd_tutelle_7e8f37b6_like ON public.tutelle USING btree (cd_tutelle varchar_pattern_ops);


--
-- Name: tutelle_type_id_b8cc0869; Type: INDEX; Schema: public; Owner: user_contribution
--

CREATE INDEX tutelle_type_id_b8cc0869 ON public.tutelle USING btree (type_id);


--
-- Name: tutelle_type_id_b8cc0869_like; Type: INDEX; Schema: public; Owner: user_contribution
--

CREATE INDEX tutelle_type_id_b8cc0869_like ON public.tutelle USING btree (type_id varchar_pattern_ops);


--
-- Name: type_tutelle_cd_type_7646a74d_like; Type: INDEX; Schema: public; Owner: user_contribution
--

CREATE INDEX type_tutelle_cd_type_7646a74d_like ON public.type_tutelle USING btree (cd_type varchar_pattern_ops);


--
-- Name: users_groupe_id_d756ba02; Type: INDEX; Schema: public; Owner: user_contribution
--

CREATE INDEX users_groupe_id_d756ba02 ON public.users USING btree (groupe_id);


--
-- Name: users_groups_group_id_2f3517aa; Type: INDEX; Schema: public; Owner: user_contribution
--

CREATE INDEX users_groups_group_id_2f3517aa ON public.users_groups USING btree (group_id);


--
-- Name: users_groups_users_id_1e682706; Type: INDEX; Schema: public; Owner: user_contribution
--

CREATE INDEX users_groups_users_id_1e682706 ON public.users_groups USING btree (users_id);


--
-- Name: users_service_id_6d882b63; Type: INDEX; Schema: public; Owner: user_contribution
--

CREATE INDEX users_service_id_6d882b63 ON public.users USING btree (service_id);


--
-- Name: users_service_id_6d882b63_like; Type: INDEX; Schema: public; Owner: user_contribution
--

CREATE INDEX users_service_id_6d882b63_like ON public.users USING btree (service_id varchar_pattern_ops);


--
-- Name: users_titre_id_ebdd0c47; Type: INDEX; Schema: public; Owner: user_contribution
--

CREATE INDEX users_titre_id_ebdd0c47 ON public.users USING btree (titre_id);


--
-- Name: users_titre_id_ebdd0c47_like; Type: INDEX; Schema: public; Owner: user_contribution
--

CREATE INDEX users_titre_id_ebdd0c47_like ON public.users USING btree (titre_id varchar_pattern_ops);


--
-- Name: users_user_permissions_permission_id_6d08dcd2; Type: INDEX; Schema: public; Owner: user_contribution
--

CREATE INDEX users_user_permissions_permission_id_6d08dcd2 ON public.users_user_permissions USING btree (permission_id);


--
-- Name: users_user_permissions_users_id_e1ed60a2; Type: INDEX; Schema: public; Owner: user_contribution
--

CREATE INDEX users_user_permissions_users_id_e1ed60a2 ON public.users_user_permissions USING btree (users_id);


--
-- Name: users_username_e8658fc8_like; Type: INDEX; Schema: public; Owner: user_contribution
--

CREATE INDEX users_username_e8658fc8_like ON public.users USING btree (username varchar_pattern_ops);


--
-- Name: auth_group_permissions auth_group_permissio_permission_id_84c5c92e_fk_auth_perm; Type: FK CONSTRAINT; Schema: public; Owner: user_contribution
--

ALTER TABLE ONLY public.auth_group_permissions
    ADD CONSTRAINT auth_group_permissio_permission_id_84c5c92e_fk_auth_perm FOREIGN KEY (permission_id) REFERENCES public.auth_permission(id) DEFERRABLE INITIALLY DEFERRED;


--
-- Name: auth_group_permissions auth_group_permissions_group_id_b120cbf9_fk_auth_group_id; Type: FK CONSTRAINT; Schema: public; Owner: user_contribution
--

ALTER TABLE ONLY public.auth_group_permissions
    ADD CONSTRAINT auth_group_permissions_group_id_b120cbf9_fk_auth_group_id FOREIGN KEY (group_id) REFERENCES public.auth_group(id) DEFERRABLE INITIALLY DEFERRED;


--
-- Name: auth_permission auth_permission_content_type_id_2f476e4b_fk_django_co; Type: FK CONSTRAINT; Schema: public; Owner: user_contribution
--

ALTER TABLE ONLY public.auth_permission
    ADD CONSTRAINT auth_permission_content_type_id_2f476e4b_fk_django_co FOREIGN KEY (content_type_id) REFERENCES public.django_content_type(id) DEFERRABLE INITIALLY DEFERRED;


--
-- Name: commentaire_tutelle commentaire_tutelle _auteur_id_ff8fad86_fk_users_id; Type: FK CONSTRAINT; Schema: public; Owner: user_contribution
--

ALTER TABLE ONLY public.commentaire_tutelle
    ADD CONSTRAINT "commentaire_tutelle _auteur_id_ff8fad86_fk_users_id" FOREIGN KEY (auteur_id) REFERENCES public.users(id) DEFERRABLE INITIALLY DEFERRED;


--
-- Name: commentaire_tutelle commentaire_tutelle _organisation_id_f9f2c8f8_fk_organisat; Type: FK CONSTRAINT; Schema: public; Owner: user_contribution
--

ALTER TABLE ONLY public.commentaire_tutelle
    ADD CONSTRAINT "commentaire_tutelle _organisation_id_f9f2c8f8_fk_organisat" FOREIGN KEY (organisation_id) REFERENCES public.organisation(cd_organisation) DEFERRABLE INITIALLY DEFERRED;


--
-- Name: commentaire_tutelle commentaire_tutelle _statut_id_90089f59_fk_statut_code; Type: FK CONSTRAINT; Schema: public; Owner: user_contribution
--

ALTER TABLE ONLY public.commentaire_tutelle
    ADD CONSTRAINT "commentaire_tutelle _statut_id_90089f59_fk_statut_code" FOREIGN KEY (statut_id) REFERENCES public.statut(code) DEFERRABLE INITIALLY DEFERRED;


--
-- Name: django_admin_log django_admin_log_content_type_id_c4bce8eb_fk_django_co; Type: FK CONSTRAINT; Schema: public; Owner: user_contribution
--

ALTER TABLE ONLY public.django_admin_log
    ADD CONSTRAINT django_admin_log_content_type_id_c4bce8eb_fk_django_co FOREIGN KEY (content_type_id) REFERENCES public.django_content_type(id) DEFERRABLE INITIALLY DEFERRED;


--
-- Name: django_admin_log django_admin_log_user_id_c564eba6_fk_users_id; Type: FK CONSTRAINT; Schema: public; Owner: user_contribution
--

ALTER TABLE ONLY public.django_admin_log
    ADD CONSTRAINT django_admin_log_user_id_c564eba6_fk_users_id FOREIGN KEY (user_id) REFERENCES public.users(id) DEFERRABLE INITIALLY DEFERRED;


--
-- Name: dossier dossier_parent_dossier_id_99201911_fk_dossier_id; Type: FK CONSTRAINT; Schema: public; Owner: user_contribution
--

ALTER TABLE ONLY public.dossier
    ADD CONSTRAINT dossier_parent_dossier_id_99201911_fk_dossier_id FOREIGN KEY (parent_dossier_id) REFERENCES public.dossier(id) DEFERRABLE INITIALLY DEFERRED;


--
-- Name: engagement engagement _contribution_apaye_i_aaf8bf26_fk_situation; Type: FK CONSTRAINT; Schema: public; Owner: user_contribution
--

ALTER TABLE ONLY public.engagement
    ADD CONSTRAINT "engagement _contribution_apaye_i_aaf8bf26_fk_situation" FOREIGN KEY (contribution_apaye_id) REFERENCES public.situation_financiere(id) DEFERRABLE INITIALLY DEFERRED;


--
-- Name: engagement engagement _devise_id_cdbe7838_fk_devise_code; Type: FK CONSTRAINT; Schema: public; Owner: user_contribution
--

ALTER TABLE ONLY public.engagement
    ADD CONSTRAINT "engagement _devise_id_cdbe7838_fk_devise_code" FOREIGN KEY (devise_id) REFERENCES public.devise(code) DEFERRABLE INITIALLY DEFERRED;


--
-- Name: engagement engagement _etat_dossier_id_239829b2_fk_etat_dossier_code; Type: FK CONSTRAINT; Schema: public; Owner: user_contribution
--

ALTER TABLE ONLY public.engagement
    ADD CONSTRAINT "engagement _etat_dossier_id_239829b2_fk_etat_dossier_code" FOREIGN KEY (etat_dossier_id) REFERENCES public.etat_dossier(code) DEFERRABLE INITIALLY DEFERRED;


--
-- Name: engagement engagement _exercice_id_770b7a77_fk_exercice_numero; Type: FK CONSTRAINT; Schema: public; Owner: user_contribution
--

ALTER TABLE ONLY public.engagement
    ADD CONSTRAINT "engagement _exercice_id_770b7a77_fk_exercice_numero" FOREIGN KEY (exercice_id) REFERENCES public.exercice(numero) DEFERRABLE INITIALLY DEFERRED;


--
-- Name: engagement engagement _organisation_id_2d0edcaf_fk_organisat; Type: FK CONSTRAINT; Schema: public; Owner: user_contribution
--

ALTER TABLE ONLY public.engagement
    ADD CONSTRAINT "engagement _organisation_id_2d0edcaf_fk_organisat" FOREIGN KEY (organisation_id) REFERENCES public.organisation(cd_organisation) DEFERRABLE INITIALLY DEFERRED;


--
-- Name: engagement engagement _source_financement_i_18cee998_fk_source_fi; Type: FK CONSTRAINT; Schema: public; Owner: user_contribution
--

ALTER TABLE ONLY public.engagement
    ADD CONSTRAINT "engagement _source_financement_i_18cee998_fk_source_fi" FOREIGN KEY (source_financement_id) REFERENCES public.source_financement(id) DEFERRABLE INITIALLY DEFERRED;


--
-- Name: exercice exercice_statut_id_a1d6b9b8_fk_statut_code; Type: FK CONSTRAINT; Schema: public; Owner: user_contribution
--

ALTER TABLE ONLY public.exercice
    ADD CONSTRAINT exercice_statut_id_a1d6b9b8_fk_statut_code FOREIGN KEY (statut_id) REFERENCES public.statut(code) DEFERRABLE INITIALLY DEFERRED;


--
-- Name: fichier fichier_dossier_id_684818f9_fk_dossier_id; Type: FK CONSTRAINT; Schema: public; Owner: user_contribution
--

ALTER TABLE ONLY public.fichier
    ADD CONSTRAINT fichier_dossier_id_684818f9_fk_dossier_id FOREIGN KEY (dossier_id) REFERENCES public.dossier(id) DEFERRABLE INITIALLY DEFERRED;


--
-- Name: lettre lettre_exercice_id_ed7d6aad_fk_exercice_numero; Type: FK CONSTRAINT; Schema: public; Owner: user_contribution
--

ALTER TABLE ONLY public.lettre
    ADD CONSTRAINT lettre_exercice_id_ed7d6aad_fk_exercice_numero FOREIGN KEY (exercice_id) REFERENCES public.exercice(numero) DEFERRABLE INITIALLY DEFERRED;


--
-- Name: lettre lettre_expediteur_id_d7ff91f3_fk_tutelle_cd_tutelle; Type: FK CONSTRAINT; Schema: public; Owner: user_contribution
--

ALTER TABLE ONLY public.lettre
    ADD CONSTRAINT lettre_expediteur_id_d7ff91f3_fk_tutelle_cd_tutelle FOREIGN KEY (expediteur_id) REFERENCES public.tutelle(cd_tutelle) DEFERRABLE INITIALLY DEFERRED;


--
-- Name: lettre lettre_organisation_id_d96bbd6c_fk_organisation_cd_organisation; Type: FK CONSTRAINT; Schema: public; Owner: user_contribution
--

ALTER TABLE ONLY public.lettre
    ADD CONSTRAINT lettre_organisation_id_d96bbd6c_fk_organisation_cd_organisation FOREIGN KEY (organisation_id) REFERENCES public.organisation(cd_organisation) DEFERRABLE INITIALLY DEFERRED;


--
-- Name: ligne_globale ligne_globale _exercice_id_53ce2e6e_fk_exercice_numero; Type: FK CONSTRAINT; Schema: public; Owner: user_contribution
--

ALTER TABLE ONLY public.ligne_globale
    ADD CONSTRAINT "ligne_globale _exercice_id_53ce2e6e_fk_exercice_numero" FOREIGN KEY (exercice_id) REFERENCES public.exercice(numero) DEFERRABLE INITIALLY DEFERRED;


--
-- Name: organisation organisation_Devise_id_d9a9432d_fk_devise_code; Type: FK CONSTRAINT; Schema: public; Owner: user_contribution
--

ALTER TABLE ONLY public.organisation
    ADD CONSTRAINT "organisation_Devise_id_d9a9432d_fk_devise_code" FOREIGN KEY ("Devise_id") REFERENCES public.devise(code) DEFERRABLE INITIALLY DEFERRED;


--
-- Name: organisation organisation_tutelle_id_ddf57b78_fk_tutelle_cd_tutelle; Type: FK CONSTRAINT; Schema: public; Owner: user_contribution
--

ALTER TABLE ONLY public.organisation
    ADD CONSTRAINT organisation_tutelle_id_ddf57b78_fk_tutelle_cd_tutelle FOREIGN KEY (tutelle_id) REFERENCES public.tutelle(cd_tutelle) DEFERRABLE INITIALLY DEFERRED;


--
-- Name: plan_engagement plan_engagement _exercice_id_246de1c7_fk_exercice_numero; Type: FK CONSTRAINT; Schema: public; Owner: user_contribution
--

ALTER TABLE ONLY public.plan_engagement
    ADD CONSTRAINT "plan_engagement _exercice_id_246de1c7_fk_exercice_numero" FOREIGN KEY (exercice_id) REFERENCES public.exercice(numero) DEFERRABLE INITIALLY DEFERRED;


--
-- Name: plan_engagement plan_engagement _periode_id_222fee2b_fk_periode_code; Type: FK CONSTRAINT; Schema: public; Owner: user_contribution
--

ALTER TABLE ONLY public.plan_engagement
    ADD CONSTRAINT "plan_engagement _periode_id_222fee2b_fk_periode_code" FOREIGN KEY (periode_id) REFERENCES public.periode(code) DEFERRABLE INITIALLY DEFERRED;


--
-- Name: proposition_plan proposition_plan _exercice_id_24e11efd_fk_exercice_numero; Type: FK CONSTRAINT; Schema: public; Owner: user_contribution
--

ALTER TABLE ONLY public.proposition_plan
    ADD CONSTRAINT "proposition_plan _exercice_id_24e11efd_fk_exercice_numero" FOREIGN KEY (exercice_id) REFERENCES public.exercice(numero) DEFERRABLE INITIALLY DEFERRED;


--
-- Name: proposition_plan proposition_plan _organisation_id_1b6ab1cb_fk_organisat; Type: FK CONSTRAINT; Schema: public; Owner: user_contribution
--

ALTER TABLE ONLY public.proposition_plan
    ADD CONSTRAINT "proposition_plan _organisation_id_1b6ab1cb_fk_organisat" FOREIGN KEY (organisation_id) REFERENCES public.organisation(cd_organisation) DEFERRABLE INITIALLY DEFERRED;


--
-- Name: proposition_plan proposition_plan _plan_id_da7f2e28_fk_plan_engagement _id; Type: FK CONSTRAINT; Schema: public; Owner: user_contribution
--

ALTER TABLE ONLY public.proposition_plan
    ADD CONSTRAINT "proposition_plan _plan_id_da7f2e28_fk_plan_engagement _id" FOREIGN KEY (plan_id) REFERENCES public.plan_engagement(id) DEFERRABLE INITIALLY DEFERRED;


--
-- Name: situation_financiere situation_financiere _devise_id_4b5a79c4_fk_devise_code; Type: FK CONSTRAINT; Schema: public; Owner: user_contribution
--

ALTER TABLE ONLY public.situation_financiere
    ADD CONSTRAINT "situation_financiere _devise_id_4b5a79c4_fk_devise_code" FOREIGN KEY (devise_id) REFERENCES public.devise(code) DEFERRABLE INITIALLY DEFERRED;


--
-- Name: situation_financiere situation_financiere _exercice_id_b85d1b23_fk_exercice_numero; Type: FK CONSTRAINT; Schema: public; Owner: user_contribution
--

ALTER TABLE ONLY public.situation_financiere
    ADD CONSTRAINT "situation_financiere _exercice_id_b85d1b23_fk_exercice_numero" FOREIGN KEY (exercice_id) REFERENCES public.exercice(numero) DEFERRABLE INITIALLY DEFERRED;


--
-- Name: situation_financiere situation_financiere_organisation_id_b6b41558_fk_organisat; Type: FK CONSTRAINT; Schema: public; Owner: user_contribution
--

ALTER TABLE ONLY public.situation_financiere
    ADD CONSTRAINT situation_financiere_organisation_id_b6b41558_fk_organisat FOREIGN KEY (organisation_id) REFERENCES public.organisation(cd_organisation) DEFERRABLE INITIALLY DEFERRED;


--
-- Name: taux taux_devise_id_500c5675_fk_devise_code; Type: FK CONSTRAINT; Schema: public; Owner: user_contribution
--

ALTER TABLE ONLY public.taux
    ADD CONSTRAINT taux_devise_id_500c5675_fk_devise_code FOREIGN KEY (devise_id) REFERENCES public.devise(code) DEFERRABLE INITIALLY DEFERRED;


--
-- Name: tutelle tutelle_type_id_b8cc0869_fk_type_tutelle_cd_type; Type: FK CONSTRAINT; Schema: public; Owner: user_contribution
--

ALTER TABLE ONLY public.tutelle
    ADD CONSTRAINT tutelle_type_id_b8cc0869_fk_type_tutelle_cd_type FOREIGN KEY (type_id) REFERENCES public.type_tutelle(cd_type) DEFERRABLE INITIALLY DEFERRED;


--
-- Name: users users_groupe_id_d756ba02_fk_auth_group_id; Type: FK CONSTRAINT; Schema: public; Owner: user_contribution
--

ALTER TABLE ONLY public.users
    ADD CONSTRAINT users_groupe_id_d756ba02_fk_auth_group_id FOREIGN KEY (groupe_id) REFERENCES public.auth_group(id) DEFERRABLE INITIALLY DEFERRED;


--
-- Name: users_groups users_groups_group_id_2f3517aa_fk_auth_group_id; Type: FK CONSTRAINT; Schema: public; Owner: user_contribution
--

ALTER TABLE ONLY public.users_groups
    ADD CONSTRAINT users_groups_group_id_2f3517aa_fk_auth_group_id FOREIGN KEY (group_id) REFERENCES public.auth_group(id) DEFERRABLE INITIALLY DEFERRED;


--
-- Name: users_groups users_groups_users_id_1e682706_fk_users_id; Type: FK CONSTRAINT; Schema: public; Owner: user_contribution
--

ALTER TABLE ONLY public.users_groups
    ADD CONSTRAINT users_groups_users_id_1e682706_fk_users_id FOREIGN KEY (users_id) REFERENCES public.users(id) DEFERRABLE INITIALLY DEFERRED;


--
-- Name: users users_service_id_6d882b63_fk_tutelle_cd_tutelle; Type: FK CONSTRAINT; Schema: public; Owner: user_contribution
--

ALTER TABLE ONLY public.users
    ADD CONSTRAINT users_service_id_6d882b63_fk_tutelle_cd_tutelle FOREIGN KEY (service_id) REFERENCES public.tutelle(cd_tutelle) DEFERRABLE INITIALLY DEFERRED;


--
-- Name: users users_titre_id_ebdd0c47_fk_titre_code; Type: FK CONSTRAINT; Schema: public; Owner: user_contribution
--

ALTER TABLE ONLY public.users
    ADD CONSTRAINT users_titre_id_ebdd0c47_fk_titre_code FOREIGN KEY (titre_id) REFERENCES public.titre(code) DEFERRABLE INITIALLY DEFERRED;


--
-- Name: users_user_permissions users_user_permissio_permission_id_6d08dcd2_fk_auth_perm; Type: FK CONSTRAINT; Schema: public; Owner: user_contribution
--

ALTER TABLE ONLY public.users_user_permissions
    ADD CONSTRAINT users_user_permissio_permission_id_6d08dcd2_fk_auth_perm FOREIGN KEY (permission_id) REFERENCES public.auth_permission(id) DEFERRABLE INITIALLY DEFERRED;


--
-- Name: users_user_permissions users_user_permissions_users_id_e1ed60a2_fk_users_id; Type: FK CONSTRAINT; Schema: public; Owner: user_contribution
--

ALTER TABLE ONLY public.users_user_permissions
    ADD CONSTRAINT users_user_permissions_users_id_e1ed60a2_fk_users_id FOREIGN KEY (users_id) REFERENCES public.users(id) DEFERRABLE INITIALLY DEFERRED;


--
-- PostgreSQL database dump complete
--

